推荐人地址,直推人数（计算）,直推人数（合约）,推荐网体人数（计算）,推荐网体人数（合约）,差异,是否活跃
0xe58e95b4be4af2355fef66cea73aa36f595f0473,21,20,21,21,0,是
0x2c004d559bdd3a82a61dbca49ccb286228592d4a,18,18,18,18,0,是
0x652bc83f169985720624f788715f7c61f0d75d8e,11,11,31,31,0,是
0xc761e4e6dbbb84d0ca956e0c5ffeb037fffed46c,11,11,11,11,0,是
0x4544c0cf9d62d3bb441c04a5f31c1ba0e432d37e,10,8,841,976,-135,是
0x8e430fe2457f10ca58fab9e0ea4f11f9c92b3d89,10,10,10,10,0,是
0x55543459d33cd0999d2ea1bccf49d7447afc2531,10,10,10,10,0,是
0xc837a2564c66d6137af753a257a36a409a716866,10,10,10,10,0,是
0xbedc6b2b1b434b3ebf30765136f671361b18d7d4,10,10,10,10,0,是
0x42334123ed84310809c4f34a4174370ff030b078,10,10,10,10,0,是
0x9862560085241e703a20ee1ef314a3dc8a2a443e,9,1,9,9,0,否
0x16534f0dae6602c8e20d25000f9691c9b7a68462,8,7,138,138,0,是
0x44c31b947a2187489dddd41606cb9d0575db9108,8,8,27,27,0,是
0x4acbd4864503ed3dc968e680dbc0580b483dbc76,7,6,976,967,9,是
0x1ee9fbe59498f08aaf4e4b285cf5b8db25f52722,7,7,23,23,0,是
0x4bfd3e347e79244dabe52e5d478233a7b544d3cd,7,7,7,7,0,是
0x44664758e086cabb4ec88e054e2ad0a95b71762d,6,6,51,51,0,是
0xf976b269213569d3ef64e1d2b023fba5a0c32cbb,5,5,883,878,5,是
0xf90292a05d67174e4c40e3454e80f501f9708abf,5,5,153,153,0,是
0xbea3a294eebb5fb2b159511fdc73e576a88c2892,5,5,101,101,0,是
0xeef4cffaa8639ca7e5355ebd32ad28d5b7f884f2,5,3,44,44,0,是
0xdc564fafedc96b530c38932ec56e1d47fc8add65,5,7,18,18,0,是
0x3e436e9ef8a44cb65b00fcefe4ac1952384ed21e,4,3,877,872,5,是
0x5a5c3d07b30f7cdd39130a0f2377784b6d4576cd,4,4,261,261,0,是
0x6ba8221531a30ef41260367fde92a034c178bb2b,4,4,255,262,-7,是
0x7590e5c8857ca7aa6cddc09d2c84f80efccc865f,4,4,208,208,0,是
0x8a03a19c5ca3c12567fab33cad28976aec16e2fa,4,4,201,201,0,是
0x2b5d8fb85156c395fc6cd97da68d33e164b4db19,4,4,172,172,0,是
0x48c5aa01959025cdce2eb742196dc210ab4578fd,4,4,66,66,0,是
0x757106bdd695d3d6374e3222bf72eb7370d3587c,4,1,54,54,0,是
0xb3fcde0cb5e17e97ec8e23e27e5d6ce809ac57a6,4,3,48,48,0,是
0x9ce5993df85d95dd9b8761bb6f5b4827134e2a36,4,4,35,35,0,是
0x52a06e7fc6a1234a776fe9844e5daae74f599f7c,4,2,29,29,0,是
0xf86444b8ec7743e51681de14a3586fb78e671225,4,4,20,20,0,是
0x751e41ee3fd849fa76b544f6314d0a1972bb243c,4,2,20,20,0,是
0x2735181ee425b34f751dcbc52dbe036052a72fc8,4,4,20,20,0,是
0x53a1c3ad7244aef0136d21ac4381c2769bee8a5c,4,4,14,14,0,是
0xd19fe0623e4810a283a3475b91fc7450d6a96286,4,4,10,10,0,是
0x0cb72b63bab10bcebf70f5f54e1a96a05d89722b,4,4,9,9,0,是
0x83e4b681e8b00fda3e33aa0a69fb18749d407a9f,4,1,8,8,0,是
0x40ee97d7b8d424489938bfa0a523ae39b59d7f5b,4,3,5,5,0,是
0xd267bf189bde9925fd432071be616804ba10976e,4,4,4,4,0,是
0xea64c9fd4ac091a033d1d37fbea58c552c091def,4,2,4,4,0,是
0x21fd8e6f405e4290802b7b2d7a84352e37f197b8,4,4,4,4,0,是
0x2a3a608719137fb18c9a21482004ad0a26505f44,4,4,4,4,0,是
0x65c43a00c2f5626a5f1ca9fc690dd60e01e78bf1,4,1,4,4,0,是
0x88872878f79b7c85a4c997e34e58d7d3664f29bb,4,4,4,4,0,是
0x25a5bc4ecbaf2bf42e1ca89d08e98d800fb939dc,3,3,280,276,4,是
0xdd1a5471d8f8b70500bae23cc28bc34c7c9ef3b6,3,3,277,273,4,是
0xb7276250369a9e53236c26ebfc2a8fffdaf25e26,3,3,274,270,4,是
0x8efb0848a6de28ddd290224dc2dd87174a0e29f1,3,3,271,267,4,是
0x6ae9ae7ea9001ecc25fc7ea68b037e529bf938ae,3,3,270,270,0,是
0xab75927c641a4545dc52b9c02562fde3d09a9b1d,3,3,267,267,0,是
0xc26731f7b6521b9ddf58b2ef3f70658dc28a5513,3,3,265,261,4,是
0x854d31c29fab36cdbb66bc32295d963aec65ed4f,3,3,264,264,0,是
0xc418c1287c62cde6b8434e88e33f8d4feecf5e95,3,6,262,258,4,是
0x87ad05edc441ad32b38c2791d2e2deb7b903f0c6,3,3,259,264,-5,是
0x468f8c39ef1db73fe6ecc311b10e1828875273f3,3,3,251,261,-10,是
0x7c08c768822149affa8e5122f88656a4362f54e4,3,3,245,245,0,是
0x8f2cbc204bb7249faa6dd6ff132637cb3a783b0d,3,3,242,242,0,是
0xa693a9407cbbfa17a584930c5acdcb10ae97d9d0,3,3,239,239,0,是
0x2676dea897b8f0bf2a7d69275b94f1f97425387e,3,3,236,236,0,是
0xc65f043ad84561e262c3ae54230f74b1071befe3,3,3,233,233,0,是
0xeff34b9372f08826daf738bb82e647b8a491129b,3,3,217,217,0,是
0x42e0b14adc2eec940f337b1b747542222608ccd4,3,3,214,214,0,是
0x68cbfcf6c722cd41adabc472fe37912bff77d6f1,3,3,211,211,0,是
0x9770f9a075b89a8b2bf47d926d7a34610424d3d8,3,3,178,178,0,是
0x14e61d12a61849836f90f391dc0e021f6406c101,3,3,175,175,0,是
0x52da5fc79b7044c5424f44304f54ea288fb9323a,3,3,165,165,0,是
0x9a7ad00c35133469fa843ec56a9d8791f61917ea,3,3,162,162,0,是
0x1ec8982b380784179770059f34bc77782c01a45d,3,3,159,159,0,是
0x3418ff672ec72f9d267dbb767b61b3d19ac55447,3,3,156,156,0,是
0xf7f556041fa301f6974b713976b5f7fe1faf1817,3,3,141,141,0,是
0xff7fb942e9e9cb00468a58b89cadc410bed61a93,3,3,138,138,0,是
0x07b82e614e7837f041f633aed388d25a6f82d7a8,3,3,135,135,0,是
0xfd11ffa0d7135e9a9dcfe808f6b6bd081108e60c,3,3,132,132,0,是
0xbab985a2df36991bb4de084b3b93834d3874f093,3,3,129,129,0,是
0xc0849fbf3d9e2404ab34728fbb59ca212874789e,3,3,126,126,0,是
0xd84dc4bf9c3d83c99b02ad208c5184e8b084b1c1,3,3,123,123,0,是
0x942820d7fa90dd2c195f9486fc7d229e1911d416,3,3,120,120,0,是
0x293ba423b0a4bf19805ad25fb0425aa168753737,3,3,68,68,0,是
0x56f7b2b027a076da85f7695ea884b06908697d50,3,3,66,66,0,是
0xa0d8233e74fee3e27836763888bc6b3b57b83ae9,3,3,63,63,0,是
0x0fb2ee2a95fca69dbf7f8fd30057efde0567b6ba,3,3,60,60,0,是
0xee0f71741af4eb5c007ff55192af31cfac17894b,3,3,59,59,0,是
0x9e0766a228e1148f68ff2665f1fb67cb9b221414,3,3,56,56,0,是
0xa62009ab3eda7fbecb7600e6792182822590172b,3,3,51,51,0,是
0x58cb18e72e6f6f7c7f8ae7bc95886a9146584aa4,3,3,49,49,0,是
0x72a48b013bf4e18a6acf59910875f601b68bf049,3,3,48,48,0,是
0xd0826c698741dca45b14baa4f42d352f06415fb5,3,3,48,48,0,是
0x1b14f52ad00dba781a87e4afa3f849ee0b854fc5,3,3,45,45,0,是
0x39df520b75715352bf13c90f0d62ef90de99b3c5,3,3,45,45,0,是
0x4a8f968ac20fbfd9ab245a66252ee32933bc5a66,3,3,42,42,0,是
0xf16362af417dfe06df69f76fbebf271d5fcf90c9,3,3,39,39,0,是
0x125369f8234cf917b79e81988e8b8b079789bcc6,3,3,39,39,0,是
0x9a6ebb123af63c8e8c41dcf7d42f4f85ab1d9a2f,3,3,38,38,0,是
0xe16ba15091674a02c7aceb1a8e7dfc3ad984e3df,3,3,36,36,0,是
0x687544867e29166ba00845f3a1c546a02b9eac7e,3,3,33,33,0,是
0xf51e69bfe316015cfb5ad54477077dd82bdf79bd,3,3,32,32,0,是
0x06ecae17b8dccc69761dc99d915671402d9e2b2e,3,3,30,30,0,是
0xe0b778b92fde9d16c1923575f36f00a48b8729fa,3,3,30,30,0,是
0xea55e18bcabee923403b28c45067b48a4355ab37,3,3,30,30,0,是
0x74dc7a7250a10357fa858457726c2892f4bb3d6c,3,3,30,30,0,是
0x14776c30afd1485fd3ea919e71fc57099083706f,3,3,29,29,0,是
0xf62acf7daedf92edc17b56c9399f582bee31539e,3,3,29,29,0,是
0xe37bf47647edd03b9369cd93830a96adf4f73c3b,3,3,28,28,0,是
0x1c21307dd347b54cfc3754fa772e26584efab009,3,3,27,27,0,是
0x3fccb9de0fed6570577038949f07b00f17753f9e,3,3,27,27,0,是
0x36d8642b4bdd047c694ae960429c714d187b29a8,3,3,27,27,0,是
0x5eba8546a95717609815b35ee1e6ee6f641a1eb5,3,3,26,26,0,是
0x144cb4e8ea50acac2720bbc288142d5c88274a7d,3,3,26,26,0,是
0x0f1868da5c4fe2bf3a5fa56fff51304ae3624d24,3,2,26,26,0,是
0x8c5201be36a68af3639a283116699d548845a2dd,3,3,26,26,0,是
0xd5cfe4e34d13ac239c2e4a59662ce9faec2fedaa,3,3,25,25,0,是
0x6172e49bddd1a3d01beefda495ba30f296eac088,3,3,24,24,0,是
0x6cd2404b1ff590b2d1dbacca4a25946d26c29c11,3,3,24,24,0,是
0xc6c11c788b3bcd7b34024e61e073b7d897205ca0,3,3,24,24,0,是
0x9d8a509ce41b6bc9831eeffe9674a4aeb66dbce6,3,3,24,24,0,是
0x5183dbd434f62f845bba54d2f501b106580f361a,3,3,24,24,0,是
0x41fd71505aec91b6a85e340ff6e40d97652f4421,3,3,23,23,0,是
0x26c4eb4da8afaf32e7c3b29ecb5931c785095e8e,3,3,23,23,0,是
0x25ea80609595aa0eb1cd156e0bd059fcb2c29359,3,3,23,23,0,是
0xb2a3829a4e70748929d96a856e5994be1b4a1222,3,3,23,23,0,是
0x71a7daa0aa6dcb5e142a6fea64c95b6e44d8adb3,3,3,22,22,0,是
0xbe199542c2731cbae4c0b03cfe866eea7710a8da,3,3,21,21,0,是
0x495a868cdc4e57e1bc17b4a712f02b2bae3f223f,3,3,21,21,0,是
0xf9220900f6acb65ba705092712210fb6050cd7cc,3,3,20,20,0,是
0x3efa2823c808576c53d9e90d45f808bb90adfc03,3,3,20,20,0,是
0x30a1d966e4c30fc07a972a8d0261925fea0d6f07,3,6,20,20,0,是
0xfc29c16f239c773fb2fd55383bb1b7c50ec4efce,3,3,19,19,0,是
0x8c95344fec56a884f6b2efe750a227b7cf582ec9,3,3,19,19,0,是
0xa1091f12ec438dd01b72572c5e384951ee8ac695,3,3,19,19,0,是
0x7f26fdb3ddeb8c3868da3d52af0300ffd97f6987,3,6,17,17,0,是
0xe9a1b61878b59bf36bac0c539c0cf283db8e1e6c,3,3,16,16,0,是
0xe3b5ef7f753371edffb91b804181b26b86397bed,3,3,16,16,0,是
0xa238fc9b19280140dca7d8be5a961998a8a47415,3,3,16,16,0,是
0x7f00a8409f5d4ca3d760743df694b8e6d67db251,3,3,16,16,0,是
0xb9e6ca71c3e17f910debd5cd28d42bf81417350e,3,3,15,15,0,是
0x094e983b87e83cf211f3ced674cfa9d8cc129f19,3,2,15,15,0,是
0x5da67cf6ae090a37fc970832a45b52134bc1df0c,3,3,15,15,0,是
0x033350057b58e1204be2b51ca4581b1bdfb51f6e,3,1,13,13,0,是
0xdcef104d889f82a99a12d3288ee9472cd1bf97b1,3,3,13,13,0,是
0xd2b0c11ddc14355bf4564b32cc8ffdfb64121f74,3,3,12,12,0,是
0xa27b196326914eb7227a66343a0409545beeb6c7,3,3,12,12,0,是
0x051497c52c7ebf039de013d57631c779c453cb48,3,3,12,12,0,是
0xf5283f2afd71bc976ffb7b198d1367758fe4703c,3,3,11,11,0,是
0xe5e9a2a9fcab62576c9b8bdeea559e10fbd437a3,3,3,11,11,0,是
0x3884a13324844299d0c7b3d904843b0cee45b1f8,3,3,10,10,0,是
0xb085492bce2e7fcf77d888b16b2669b778da416b,3,3,10,10,0,是
0x44029bc1ee87edc79ca1734597f709323e1f5d43,3,3,10,10,0,是
0x64bb0fe34f789d1d425e09087184dead5a767381,3,3,10,10,0,是
0xfe603f9a7d1a0cd3648bbce316894de2b987d163,3,3,10,10,0,是
0x4efe2be71883462c62c347d8b731af17967366b9,3,3,10,10,0,是
0xc24df06f9fd0360b8974106d9ef1f9aed7075534,3,3,9,9,0,是
0xf87f508a11eda9df5220a1f1a88bf628127b2d0e,3,3,9,9,0,是
0xa05830e0945fb23eecb05472c77d48b1e9908fab,3,3,9,9,0,是
0x4db4b4a959d8f40db69c72f89efe22fb584f4eb7,3,3,8,8,0,是
0xbacfa51bfbeaa771d2190657e2e8487344ba5055,3,6,8,8,0,是
0xe138d678ce0ba85f3ff79bf81a6113392707703d,3,3,7,7,0,是
0xa788172d414995c02c5d94d95c2cf86ef8cb9a47,3,3,7,7,0,是
0xcdef18e4945482b597c2037f867814a76964dc29,3,3,7,7,0,是
0x08fe52d30797b4c4fc6dd50345cb24aeb9646bcc,3,3,7,7,0,是
0x47f88ddbc799badd3c228e9f200711d8fb77fcb4,3,3,7,7,0,是
0xb45f5b3983e26480ba808b595df61124ebd40692,3,2,7,7,0,是
0xd521fe27270369bcf4e67b4df214654bf667234b,3,3,7,7,0,是
0x38ee1b5888f58c00b3192f6495504a4d14d61db2,3,3,7,7,0,是
0xe679256e5de06638e57e560e5ee55b756f8741f7,3,2,7,7,0,是
0x524d7f42fe0f38fcbb4c4afb6613644cd3928864,3,3,6,6,0,是
0x1f34ca8b4f03ea56b70606ca2c1e4e68a00b8b88,3,3,6,6,0,是
0xd1b6ed412b00e00f987eceb6861e1b8076591919,3,3,5,5,0,是
0x056f617d93e7f8865dcb6e075aa7cb49b837927c,3,3,5,5,0,是
0x568cc4cf67a8998f4b4e3d7c30b85d52974814f2,3,3,5,5,0,是
0xe68d256382c66a363c39b449bcac60c47c26e33b,3,3,5,5,0,否
0x475c19d4461499ba8583a07ad0987503f4eee881,3,3,4,4,0,是
0x5a348eab9d30b6053d51c4e5483d5ae6539d6bd4,3,3,4,4,0,是
0xc193ff8e5053a3e49c22c650658cde310a099953,3,3,4,4,0,是
0x5c14f4c6eccc38aa6978f2b0250d4ad4e673a098,3,3,4,4,0,是
0xbdc27a19b20ea598be983436fafaa254792e4685,3,3,4,4,0,是
0x79ab675d49f53e3e68901bd6d840c5b6650dda58,3,3,4,4,0,是
0xe038eb3c04b59b8c5340e56def24099e78903eeb,3,3,3,3,0,是
0xf9934902a91c0fb9b51d77207407644307057273,3,3,3,3,0,是
0x20a18b1423c61b49138064340b180e6e9993488a,3,3,3,3,0,是
0x9b44d784e84a7d0a3ad79a30c1a2e64895568f89,3,3,3,3,0,是
0xfc05448cd507ad65f0d9d3814a70ef3298b03e35,3,3,3,3,0,是
0x4f57dbe1e37fd13fea697f5c6d71056637fb5530,3,3,3,3,0,是
0xf9028db33b393febbaee7d12acb04307a9e1962c,3,3,3,3,0,是
0x4dde35c525c940171c79ace23ab05cdc2b6c4838,3,2,3,3,0,是
0x96665cfb0624bd4a5aaf60fea544c8ae22d3f55e,3,3,3,4,-1,是
0xf22f4fb30f3e1f918354371a8c8b758687b30421,3,3,3,3,0,是
0x6fe03fd383e987e70927dbb0e04d610563e9eb31,2,2,151,151,0,是
0x52c6b0c5b19e382adb37df9e3ae882fe49dd91c1,2,2,147,147,0,是
0x71ff0c95d72e80cd978a6d3ade29a90f748c4ea0,2,2,53,53,0,是
0xfc414d882ffb6eb900b5a93a565d95dba712eb6b,2,2,46,46,0,是
0xabc3fc596893107038a380df4d66170455e1d3a6,2,2,35,35,0,是
0x141cd850c0ba483a353c5dcc0b7cfc287c532f3a,2,1,25,25,0,是
0x5a76a9eef8d473e3e77399fc4f11ff6e41eb3f1b,2,1,25,25,0,是
0x6dc90642ab601bddba482c6ba7afe4d558de19d2,2,2,22,22,0,是
0x37b30e0d978ee1d7cbee318f2d2c7a37f570a0ec,2,2,21,21,0,是
0x6bd09d7307ba795379a022e7253067c254ff317d,2,2,21,21,0,是
0x71fa72780da368412a84f40d6e240a7c13e3dc54,2,2,20,20,0,是
0x9216e0fc6fab3dc69bbe9cf7c090767e38de2d82,2,2,18,18,0,是
0xf3f3c92a8bc601746cb061ac1502526f724ec7d2,2,2,16,16,0,是
0x85f3d067957b101f1646ff78ea43377bf96e267d,2,2,15,15,0,是
0x85076355e710017f70b0032e9db6754ea064f77c,2,2,13,13,0,是
0xdae0a99e2e8d6e46be5a3443bb20fcaa7e36a7b6,2,2,13,13,0,是
0x4072fb2f4d536ced9d1a2ee1a930e2d2d95889b1,2,2,12,12,0,是
0x98e120c962b08e2a5ce07781819f0117c92ad03b,2,2,11,11,0,是
0x79f30994e57942263415bf6a81cc2da4f40ce9bc,2,2,9,9,0,是
0x80e0b6a4eada66ac7c731c1e9bcd4a88a9f00a9b,2,2,8,8,0,是
0x18edec3599f1e2c696f05885312ecc3fb13829a7,2,2,7,7,0,是
0x0675e0055850e179b45f516990c519015f4471d0,2,1,7,7,0,是
0x552d4b53c7f63e58bd09727f2a58047341cb346c,2,2,6,6,0,是
0xee467d6ff96059e3b84e2dd2faf69646211c94d5,2,2,5,5,0,是
0x5dfbfdb9f429af7b697e4b583ce890309a81bed3,2,2,5,5,0,是
0x72ccdf7811c424b80e1e9a196019c4cf07b9b95f,2,1,4,4,0,是
0xafd33fb14af97cdf283eb01d9b1a5d7d45f8549a,2,2,4,4,0,是
0x05a91cb27adc7a13a5ccaa1ed795eaf476e37c8e,2,2,4,4,0,是
0xef1930511b1a7bfcd99211fb58d6661b78a02e1a,2,2,3,3,0,是
0x76bc8155fe5730c3d929f16694c5c715348fd177,2,2,3,3,0,是
0xf9b0159672fd54acf4e279a5c848a3bf431321fc,2,1,3,3,0,是
0x56413adffbd74d37503988a68fd543006c65b8f7,2,2,2,2,0,是
0x0bcd058048f6711d91c951b68ca5d2627a5e9e22,2,2,2,2,0,是
0x3d9d46d4b49e07e0f6073039e2de1bdac85557e5,2,2,2,2,0,是
0xea58efb93a50db38e491b51fc624ae6c7b9139ae,2,1,2,2,0,是
0xc29c41fce51f19ef51e86cfec209789073e16512,2,1,2,2,0,是
0xf7419bb748d9759034794542c954b37c02918d28,2,0,2,2,0,否
0x622d2c6975e2d2aa4fb40a9f230b7aa0e8a343cb,2,2,2,2,0,是
0x58305c6494f06b0bbceb7770c65f28d36c7cf4d9,2,0,2,2,0,否
0x9281beca0fc867678dfbe593c137f1b845f61392,2,2,2,2,0,是
0x7b1a4cf4ba1abf46cbef6c52d7f7aaabf3a677bc,1,6,885,877,8,是
0xeec24a4c2ecbaf678243bd0efd72656fb40a1993,1,6,884,877,7,是
0x9cca61f1df31bc07ba814f956204cfadb46c1ba2,1,8,878,858,20,是
0x4c10831cbcf9884ba72051b5287b6c87e4f74a48,1,1,846,826,20,是
0xdb817e0d21a134f649d24b91e39d42e7eec52a65,1,1,845,825,20,是
0x5067d182d5f15511f0c71194a25cc67b05c20b02,1,1,844,824,20,是
0x5b7e080daa6a6437b50eb881d84b66158bb10fe5,1,1,843,823,20,是
0x0435aff9777dafbd0552b54951501d3169a02062,1,1,842,822,20,是
0x2d68a5850a4805c6fe6648e5870b68456e2a7c82,1,5,268,264,4,是
0x06fa0c2463f86c34513597d6f203233e838e4c86,1,3,267,263,4,是
0x7efad6bef04631be34de71b2df9378c727f185b7,1,3,266,262,4,是
0x66bb2cfb68847051cd047bf35716a83646564ef7,1,1,256,262,-6,是
0x09d381c02afbb8c76551b9450fd329eb2a823154,1,1,149,149,0,是
0xd9e9cebaa4c7d66a4acd5bcd2458265ad65791a7,1,1,148,148,0,是
0xfcca57f8b46e334f29275a1670b80f4826aa5934,1,1,65,65,0,是
0x6313085f2a244a625ef229390fb4f85152ae5a6e,1,1,64,64,0,是
0xe54b97b061ff324a9e4c390233b8cf092e419195,1,1,63,63,0,是
0x5a038e104dee0fdd437ab4212905cfcb2e608691,1,1,62,62,0,是
0x9e880d197eab5158143922cfaccd31206f631ca2,1,1,61,61,0,是
0x096e9b1a59c4d5a66a782fdcad20aa1540215bb8,1,1,60,60,0,是
0xd5eeb66d5532356f2453fafc61e31c2cb91babcf,1,1,59,59,0,是
0x19f61ad74cbf454948238222d0950e35b2498fbf,1,1,58,58,0,是
0xa5e29c80bab2474a8f9273c30bb8be4401cfa921,1,1,57,57,0,是
0xc99b5ce78c65307afd76284ece7a365d312d96c6,1,1,56,56,0,是
0x56519505d35122fa43ff1af54a0d5f66e3efe89b,1,1,55,55,0,是
0x450ef3ce569dd13cfe35ba14f24942ca47d2dddb,1,1,36,36,0,是
0x8928ce56a777e56df829f480a8bbffbf27f0245b,1,1,35,35,0,是
0xf7bcdcae70c44f98225e443388122440f78a7ac1,1,1,34,34,0,是
0x0a46b10a425ed91e909186b7c153923baa75a384,1,1,33,33,0,是
0x830b89f49e3db724a88e6141906d8d2b18a96198,1,1,32,32,0,是
0x038a9aa1f6263158e195cad9992f1a1711d255d6,1,1,31,31,0,是
0x039f99a5946f77a73fe48781ea83a61a9d7bb676,1,1,30,30,0,是
0x2cf554445ac11680637d6e740e2f80ecbe361c49,1,1,29,29,0,是
0xa5b6131d4f7c407bbf557f95aaab0dcb1b382929,1,1,26,26,0,是
0xaa9e900dab15c5fd862866ea51d4c75e1afb6d4a,1,1,23,23,0,是
0x06d9bbd166d02c47502990849584a649ffecbb9b,1,1,22,22,0,是
0x523650ce5cb593dad8f38a8009f824b0a816a996,1,1,21,21,0,是
0xac5b822a21a267966ebc7af76a79a0ae3295edfc,1,1,17,17,0,是
0x9ceefa1407c0575bcb602da75675f52ed927056a,1,1,17,17,0,是
0x5c589a8b7964d16993a4f7faa63714e48eac90da,1,1,16,16,0,是
0x05ea4a9ef769627e5760126cbf0fc1fb4ca70023,1,1,15,15,0,是
0xc973bafd37ff547eb3169ea99cdd85ca82ef0ef3,1,1,14,14,0,是
0xd31f153ecd786c2d80a2e572af12938290784a4d,1,1,14,14,0,是
0xd789977de408e7325a757b31e49cf4c6e3add3e8,1,1,14,14,0,是
0xf5046c9269099b04e8d1978137d5e83d80e2abe1,1,1,14,14,0,是
0x716004222e8e3a9efaffec31da886636d8cfa1d4,1,1,13,13,0,是
0x11136abe2a1800ed460b1e061bf35aa6a2ee1b45,1,1,13,13,0,是
0x89ad2a17bbe7576750fd7541c0d6e613f1c5aade,1,1,13,13,0,是
0x019c679619064d736f27c4a7831fa67de81e4cc9,1,1,13,13,0,是
0x8feb00ff3e4ed6cbf016cc5d369f513426924ca4,1,1,13,13,0,是
0xd181b57bbb28fa993bae94a927c05cc00238f537,1,1,12,12,0,是
0x1cf3d8090014e563e47d2e3989402790c95280dc,1,1,12,12,0,是
0x51e59642b6f40bbc6b82966e8d763857dbb86d91,1,1,12,12,0,是
0xa0d2e19f2ff70270c4617e670568721484ed89a1,1,1,11,11,0,是
0x3b9e445fe0db166dfffef06b0dce10aff2b3249f,1,1,11,11,0,是
0x15eac1c276e3d229579ed10b199016ad796a4c91,1,1,11,11,0,是
0x4a821de2c668162989c81549ec1b2187f3ef7709,1,1,11,11,0,是
0x0ff9120a3d1260b35668a0a04aba76c5be41a016,1,1,10,10,0,是
0x1dfe4b36752a369a6318ee325b9d3bac2397a2ec,1,1,10,10,0,是
0xc345afe3d28824f46cf45cf4bd55023755691f3b,1,1,9,9,0,是
0x2f9c0222e0021b5c3fe58a3e498aa11ffd4a46a7,1,1,9,9,0,是
0x7aa68892f013d981dffac7ae403faa886938552b,1,7,9,9,0,是
0x9b1162c09462d070dd74295eb2295ab9358573ae,1,1,8,8,0,是
0x0371e1a37263706ddc3813d388dc801e0eb2b422,1,1,8,8,0,是
0x4fd82fb7413db9c3501ff97e11605e9fd91b8502,1,1,8,8,0,是
0xd4cb708db5e2b86896354334f478c96e64bfbf67,1,1,7,7,0,是
0xfacd07bfefbdcec2c7b6ca705b255ce73967f7c3,1,1,7,7,0,是
0x34c21daee7dbf01b0ec90f4aaa344c9830d70c0e,1,1,6,6,0,是
0xb0b872d74fdc6a87a6e8dbb50586f5dc0fb6b26f,1,1,6,6,0,是
0xce28cc46ae2fd88d50d5968dc443b8d44f58c603,1,1,6,6,0,是
0x26eb59b940efd97e1a5c4ad3de6891f959dc04aa,1,1,6,6,0,是
0x9206a35cd56933f8e630be69fc656435a191bb60,1,1,5,5,0,是
0x325e2388647717cc84338eeaef614dc1022c9a10,1,1,5,5,0,是
0x1d08d2bcdb9d1f99b19aa2b8b00d894ab53fedac,1,0,5,5,0,是
0x8d74fe21ec67c1cf7e3de2a5cdf06ab8ea809d01,1,1,4,4,0,是
0x64b0b66e7ad150c5e314afd84e8de37ff9aac64e,1,0,4,4,0,是
0xcd19280457f076d237592f199fc6f35e48c3af0d,1,1,4,4,0,是
0xf7dd06c646f83d18c85d6deffe19eafb70012abc,1,1,4,4,0,是
0x8d25ed74bf544dc535007bd1b5e068610dded985,1,1,4,4,0,是
0xcadd5d7b93fb1944839c2dba0a06dbe8840dcd2a,1,0,4,4,0,否
0x49e715f6a8b03884bc361c739fcd552f0d43d744,1,1,4,4,0,是
0x4bb746155d90df0f1dc663f1bb39a10838b569a7,1,1,4,4,0,是
0xf010f1fddc8e9411efe4175e54acc6d5731d46bf,1,1,4,4,0,是
0x7fc7151eb43f986b87e9db73239a81f2b621dde5,1,1,4,4,0,是
0x480c436a0a1028a22ea44562b0d89477cf30641d,1,1,3,3,0,是
0x604c120059db3133cc401c35ad519c19aac710ce,1,1,3,3,0,是
0x541885978434854baa6b155923f3908183144161,1,1,3,3,0,是
0xb7c2211cf93574408b4acef7ad5c8ace9a9bcdda,1,1,3,3,0,是
0x90070eb60a6e7dcbe9ea282e0a5c97b3bb1ebf7b,1,1,3,3,0,否
0x9933fba130befbda2a19f69448f0d86227ce2fda,1,1,3,3,0,是
0x89bc4ed2d4e72a9c57582b6caeb2442e7edbe39d,1,1,3,3,0,是
0x645425be4212e762dc0e9ec0c82456c6d5a7d41a,1,1,3,3,0,是
0x0105730752724c961a3a2fb53babb37e866cfd26,1,0,3,3,0,否
0x0a11723909d7eebe51cf5b437669911126c69be4,1,1,3,3,0,是
0x42cb9081ae512554e02b24c3ae28fe8380e52e00,1,1,3,3,0,是
0x6f2cee169de4e8e10a8373e6bd857c046d8484d8,1,1,3,3,0,是
0xe34ca1cdf35ac268bf788a69ee62c931fc300fdb,1,1,3,3,0,是
0x27751b19fd96984cde331c0ed7716de6eb542c89,1,1,2,2,0,是
0x8667dfef4dcd16e617ed6a3b0b75b70551351537,1,1,2,2,0,是
0xdfbe2eb56c7a0f8be1e492a0f3bb89879c245cf7,1,1,2,2,0,是
0x31470c0a29f26634cddc5947539ba4912836856c,1,1,2,2,0,是
0x959c98816c44471fb63b304087ef75eb907d3d15,1,1,2,2,0,是
0x1d8c1e45937f39ffb16601e4fef1b9a9ed3cb84d,1,1,2,2,0,是
0x7d5f5bd22173078a685d3d00a01d4526ef10e9fc,1,1,2,2,0,是
0xe4fd6d0020b934c620b0026b6310fac8eee4e803,1,1,2,2,0,是
0xf5198de0672295fdb3279d53b44b0405807f89d4,1,1,2,2,0,是
0xe5f6d389349f81b3c56006452df845deb28bde88,1,1,2,2,0,是
0x11b024901db1c454e29e2ff40ccf1a3c92783ddf,1,1,2,2,0,是
0x48f1b021851df3b2b153c992d1bf4559db2d1932,1,1,2,2,0,是
0x0155a06ead79f74d6d30fa71fd97850d2ce5f8ae,1,1,2,2,0,是
0xaca2e493aab7350bb2b201aca0fc67de2ee1a423,1,0,2,2,0,否
0xdc1e8fc91c4677b858fecc8f09fadd360e6c69cf,1,1,2,2,0,是
0xa867b3ac9fc9611c45604f4e4575d8e72a810d84,1,1,2,2,0,是
0xd96082b927f330aa6bd793f4b90f658d7bed4a01,1,1,2,2,0,是
0x46fabbc22b8b5f7792a6baea7d6e4314bfd307a2,1,1,2,2,0,是
0x1d02cc58dcc1b24b071d17e354033925fa0540c9,1,2,2,2,0,是
0x5aea405235b0ec37b2cb7d48fde6fb7384496e42,1,1,1,1,0,是
0x0e614b14072f8bb818deda1154c190ee74da3ce9,1,0,1,1,0,否
0xb8166273a3fc27266de814891d78d7abec4e53a0,1,1,1,1,0,是
0xc3500a735fcf12388c5a19fc0f3cc98cc0e8791f,1,0,1,1,0,是
0x6d507377836af36a06eb8f7bb4e3ee08899decd7,1,1,1,1,0,是
0xc46981db6105d6659f4c2b98c6347c8cd28062fc,1,1,1,1,0,是
0x4b849a5f11e23ad7d0665168157c27788d695366,1,1,1,1,0,是
0xc6acd32c7b72e4264830879eb9be5eddd303d444,1,0,1,1,0,否
0xde74c4b54d6935cabcd99b403e9596bc3550eb8f,1,1,1,1,0,是
0xca24ed3fe79049052c6a2ffbad804a8ce899eca5,1,0,1,1,0,否
0x4cdd91c158d9ce405190d322c3b6213b09f803f7,1,1,1,1,0,是
0xbda8f2420af9d55a9a4cc98666808b449e08c6b9,1,1,1,1,0,是
0xc7c9693f26b10b5b93ccac2469eb3ae7b4638dac,1,1,1,1,0,是
0x6515e1f244eb974beb91358827a4c524b056de80,1,1,1,1,0,是
0xee740c8f5b52455cfe81e50bc487a7cef7650a9a,1,1,1,1,0,是
0xa7e07b87a121b07237c91377b6617a5c326fb60c,1,1,1,1,0,是
0xe79da8df8f785164af78a9e8b47aed8fe85b511e,1,1,1,1,0,是
0x3dc9c0b161651b8b90c216f9b7f64c9ff2372b6a,1,0,1,1,0,是
0xe4c1552d05aafb640bf37f443c918b642d2931c9,1,1,1,1,0,是
0x01d0ab1fc1263f4bdc984bf9a9f573125fc48ccc,1,0,1,1,0,否
0xf00e869c02ee731a2e5e19a15d7c959e0f851499,1,0,1,1,0,是
0xcef21a05ae18dcc440fc78e410c3090884ad5a6a,1,1,1,1,0,是
0x6f8a6eff8b70af4376e6eb6d7d8f52513b2b7b22,1,0,1,1,0,是
0xdc99b19afe1afe2d3bf5143c10f7904e7eee59b6,1,1,1,1,0,是
0x7d25fd41d561d52bfd02a1baa2507f6ab9306cab,1,0,1,1,0,是
0x140530ea179660d5321c1b675d101bfc4ae6caac,1,1,1,1,0,是
0x3a058ae8678fbad246ed53db70b53b6c9672407a,1,1,1,1,0,是
0xe4856b0795ca61a2dbd02b75bd7b4174f2a5b294,1,1,1,1,0,是
0x539c3a938a9a44edf61ec89ae35a8e49c9f35f9d,1,1,1,1,0,是
0x599c0506a93be1bee62c90efa4b22b48f30f4dca,1,1,1,1,0,是
0x6fb89cdf8e4e8f26d02b1bf705d4892d0e5a14ce,1,1,1,1,0,是
0xf9a21e10c3ede5529aa951eee06805311d2e8c1c,1,1,1,1,0,是
0x3a297e4ce08c157b6aeb93de5f0016d41a3d9f24,1,0,1,1,0,是
0x0f8065c294cb51829c3f5d2cc60a4e9d676f0219,1,1,1,1,0,是
0x1205bd836882022af155673c1dae32f0414acbd6,1,1,1,1,0,是
0x8fa30dc457498b2193e75293d0a785fdc6b28f76,1,1,1,1,0,是
0x14e3f9f2592fd8724fe30bb24e7cdce86e486da0,1,0,1,1,0,否
0xfc175872fc8db01761b94f13415c67c8776111c5,1,1,1,1,0,是
0x6cd4714f1f949fb4961a9b47601944782dae7366,1,0,1,1,0,是
0xfc73614ed73c6d28f62569cab5dc949a05d94745,1,1,1,1,0,是
0x2b9956b74bd164342e8c7d23fd28167fac9885d3,1,0,1,1,0,是
0x57cde367bdb6cd2bed5e35a90eebf9dee517906c,1,0,1,1,0,是
0x22a7bf457706ac21ee8eda1f0b5bfe1fd93ddab6,1,1,1,1,0,是
0xb0d7284b36d67cd2a76c4921a2afcc29e7027b79,1,0,1,1,0,是
0x0abda21cf5e1de882ef11079c42918e36b29436c,1,0,1,1,0,否
0x9d90a5c3054ea380b4e7ff9c53334a7c21b40aa7,1,1,1,1,0,是
0xb30951489e70a5e6f249cc763e770cd2f1fbcf06,1,1,1,1,0,是
0xa0c656ad8f656bafd650e6b830652af7a95215ff,1,1,1,1,0,是
0x574c4953252cf721c19edf4b7c2f164f0bea6492,1,1,1,1,0,是
0xa96d40edf9b91747641dc40a2fea6de1fc3ccc06,1,1,1,1,0,是
0x24f646f11554a2580b34ba0f331fcf0a9123eb78,1,1,1,1,0,是
0x75b4d1f459c2c6fd99ead806429208d961816319,1,0,1,1,0,是
0x916445a42b676e6ff0c7992ea20d6e030d05bb9a,1,1,1,1,0,是
0xb6a10c3f6492e5fefdc03909e1638fe3a8ce5c75,1,0,1,1,0,是
0xf9e1cab9c0f38369d2addbb187a71c56fd5a22ed,1,1,1,1,0,是
0x267691e4cb19277136863ff41b0c7ad6cf8c44f4,1,1,1,1,0,是