排名,用户地址,购买金额(USD),购买金额(MC),购买笔数
1,0x6f8a6eff8b70af4376e6eb6d7d8f52513b2b7b22,1050.00,2100.0000,3
2,0x9d8a509ce41b6bc9831eeffe9674a4aeb66dbce6,1000.00,2000.0000,2
3,0x5a348eab9d30b6053d51c4e5483d5ae6539d6bd4,1000.00,2000.0000,2
4,0x4544c0cf9d62d3bb441c04a5f31c1ba0e432d37e,650.00,1300.0000,4
5,0x14776c30afd1485fd3ea919e71fc57099083706f,550.00,1100.0000,2
6,0xa1091f12ec438dd01b72572c5e384951ee8ac695,550.00,1100.0000,2
7,0x5eba8546a95717609815b35ee1e6ee6f641a1eb5,500.00,1000.0000,1
8,0x6ac3e8e634517b549b8ed9d52d5ff9bb3477bf46,500.00,1000.0000,1
9,0xf86002ddab547abf8a838eba101b540c15afa8a1,500.00,1000.0000,1
10,0x2c004d559bdd3a82a61dbca49ccb286228592d4a,500.00,1000.0000,1
11,0x2606be5a555aa03e6255e145863ca50f31dc1af6,500.00,1000.0000,1
12,0x07b18cbccd26474f626b13470afa044bfbcb8f7e,500.00,1000.0000,1
13,0x170cbc1fbf2687a80a7079d13dc9e09ec17d4651,500.00,1000.0000,1
14,0x9a6ebb123af63c8e8c41dcf7d42f4f85ab1d9a2f,500.00,1000.0000,1
15,0x8b786ed88026bbc3b064ae7393c72d5e134c1322,500.00,1000.0000,1
16,0xe084bfe53dad4e2719af2b5d383bfa58ce693e87,500.00,1000.0000,1
17,0xb085492bce2e7fcf77d888b16b2669b778da416b,500.00,1000.0000,1
18,0xfc29c16f239c773fb2fd55383bb1b7c50ec4efce,500.00,1000.0000,1
19,0x72ccdf7811c424b80e1e9a196019c4cf07b9b95f,500.00,1000.0000,1
20,0x959c98816c44471fb63b304087ef75eb907d3d15,500.00,1000.0000,1
21,0xf9934902a91c0fb9b51d77207407644307057273,500.00,1000.0000,1
22,0xcad2716b5f4670bd32dda7035d1263d790269415,500.00,1000.0000,1
23,0x64bb0fe34f789d1d425e09087184dead5a767381,500.00,1000.0000,1
24,0x7bec2e4ee3ad1014bcedb870401d9ef95646655f,500.00,1000.0000,1
25,0xa92e1000ffdd6e394016c21c7e8208edf021f9ba,500.00,1000.0000,1
26,0x92a4635285f705410fcf130e6aa896f059ec2ccf,500.00,1000.0000,1
27,0xa88b1bdaaf3ee3c5b935d7392d9928556902e7c0,500.00,1000.0000,1
28,0xe217dc20a85d9bc105d0febe594aa6fb101dc7bc,500.00,1000.0000,1
29,0xea55e18bcabee923403b28c45067b48a4355ab37,500.00,1000.0000,1
30,0x44c31b947a2187489dddd41606cb9d0575db9108,500.00,1000.0000,1
31,0x08fe52d30797b4c4fc6dd50345cb24aeb9646bcc,500.00,1000.0000,1
32,0x9dbe997db5488d151218c6e023863f580e5a062e,500.00,1000.0000,1
33,0xeda468c6d5adf489e8cbd69983cda3f51a1de8af,500.00,1000.0000,1
34,0x081358330ff82a64c54a62783c030d868ad9e381,500.00,1000.0000,1
35,0x65c43a00c2f5626a5f1ca9fc690dd60e01e78bf1,500.00,1000.0000,1
36,0x08065ea5aeae4131bdb5d4c0be47b6ba639172f5,500.00,1000.0000,1
37,0x15eac1c276e3d229579ed10b199016ad796a4c91,500.00,1000.0000,1
38,0xbedc6b2b1b434b3ebf30765136f671361b18d7d4,500.00,1000.0000,1
39,0xfcc77beff96576af9207eb62cda324d0022608a7,500.00,1000.0000,1
40,0xeedb946893c1e13678b4d8c46393209c4a928672,500.00,1000.0000,1
41,0xef8f1f02b55f8c12ab08eb510142b959031c603c,500.00,1000.0000,1
42,0x8eb8b3b7c6178d25fb03941fff63782c9d0fc241,500.00,1000.0000,1
43,0x5ccddda0ee2e37eca132d312238552a53b9c8256,500.00,1000.0000,1
44,0x97c2a49710afa5835c03a2e052daf6d47bd5d156,500.00,1000.0000,1
45,0x5f54b003cf0e1b4822681e197729708d5912985f,500.00,1000.0000,1
46,0xe56c070a23510dd2f27d3bd3c7c71228537d75db,500.00,1000.0000,1
47,0x776c3d108f97f1186f15b84a28df041935bbb624,500.00,1000.0000,1
48,0xf55cd1eaee8ce3b7b61e76fbec37b1aba21863d2,500.00,1000.0000,1
49,0xf00e869c02ee731a2e5e19a15d7c959e0f851499,500.00,1000.0000,1
50,0x0403f7caa0390fc76d4df163dafa7c3be739100e,500.00,1000.0000,1
51,0x38ee1b5888f58c00b3192f6495504a4d14d61db2,500.00,1000.0000,1
52,0x4dae3011767e2a6f3e917eef53968ce97bf39bcc,500.00,1000.0000,1
53,0x4d969b0dfbd69cb0dbcd084f6f9482c140c779aa,500.00,1000.0000,1
54,0xd84a01e94c96310d8bfdcfcf86ecca73dd9a5d93,500.00,1000.0000,1
55,0x25a5bc4ecbaf2bf42e1ca89d08e98d800fb939dc,500.00,1000.0000,1
56,0xdd1a5471d8f8b70500bae23cc28bc34c7c9ef3b6,500.00,1000.0000,1
57,0x5a5c3d07b30f7cdd39130a0f2377784b6d4576cd,500.00,1000.0000,1
58,0xb7276250369a9e53236c26ebfc2a8fffdaf25e26,500.00,1000.0000,1
59,0x87ad05edc441ad32b38c2791d2e2deb7b903f0c6,500.00,1000.0000,1
60,0x66bb2cfb68847051cd047bf35716a83646564ef7,500.00,1000.0000,1
61,0x4acbd4864503ed3dc968e680dbc0580b483dbc76,500.00,1000.0000,1
62,0x125369f8234cf917b79e81988e8b8b079789bcc6,500.00,1000.0000,1
63,0xc65f043ad84561e262c3ae54230f74b1071befe3,500.00,1000.0000,1
64,0xf90292a05d67174e4c40e3454e80f501f9708abf,500.00,1000.0000,1
65,0x2735181ee425b34f751dcbc52dbe036052a72fc8,500.00,1000.0000,1
66,0xb0a2275cea4a33edee03ad512e140b4b6a8deebb,500.00,1000.0000,1
67,0xfd11ffa0d7135e9a9dcfe808f6b6bd081108e60c,500.00,1000.0000,1
68,0x942820d7fa90dd2c195f9486fc7d229e1911d416,500.00,1000.0000,1
69,0x44664758e086cabb4ec88e054e2ad0a95b71762d,500.00,1000.0000,1
70,0x48c5aa01959025cdce2eb742196dc210ab4578fd,500.00,1000.0000,1
71,0xbdc27a19b20ea598be983436fafaa254792e4685,500.00,1000.0000,1
72,0x75b4d1f459c2c6fd99ead806429208d961816319,500.00,1000.0000,1
73,0x26c4eb4da8afaf32e7c3b29ecb5931c785095e8e,500.00,1000.0000,1
74,0x3efa2823c808576c53d9e90d45f808bb90adfc03,500.00,1000.0000,1
75,0x86187c9e61bd32597f4840426927a0d05f7ef8fe,500.00,1000.0000,1
76,0xe5140aa143b82a29c06476a4afb4b1dc62f9154c,500.00,1000.0000,1
77,0x44758d031e0dad498fea48bc7555e0a0bec60d3f,500.00,1000.0000,1
78,0x9ceefa1407c0575bcb602da75675f52ed927056a,500.00,1000.0000,1
79,0x3c82fcb5f8676fe9755b7abef04c838985dfee5e,500.00,1000.0000,1
80,0xd0826c698741dca45b14baa4f42d352f06415fb5,500.00,1000.0000,1
81,0x3884a13324844299d0c7b3d904843b0cee45b1f8,500.00,1000.0000,1
82,0xd2b0c11ddc14355bf4564b32cc8ffdfb64121f74,500.00,1000.0000,1
83,0xb7c2211cf93574408b4acef7ad5c8ace9a9bcdda,500.00,1000.0000,1
84,0xee0f71741af4eb5c007ff55192af31cfac17894b,500.00,1000.0000,1
85,0x9e0766a228e1148f68ff2665f1fb67cb9b221414,500.00,1000.0000,1
86,0x71ff0c95d72e80cd978a6d3ade29a90f748c4ea0,500.00,1000.0000,1
87,0xa62009ab3eda7fbecb7600e6792182822590172b,500.00,1000.0000,1
88,0xb3fcde0cb5e17e97ec8e23e27e5d6ce809ac57a6,500.00,1000.0000,1
89,0x1d02cc58dcc1b24b071d17e354033925fa0540c9,500.00,1000.0000,1
90,0xc7c9693f26b10b5b93ccac2469eb3ae7b4638dac,500.00,1000.0000,1
91,0x16e0577d3f15a16bd1eb1b74b3682eac011a0fa9,400.00,800.0000,2
92,0xe58e95b4be4af2355fef66cea73aa36f595f0473,300.00,600.0000,2
93,0xe679256e5de06638e57e560e5ee55b756f8741f7,300.00,600.0000,2
94,0xaf3aa2cf60c3039cd982a0950228713ce6f003a1,250.00,500.0000,1
95,0x6bd09d7307ba795379a022e7253067c254ff317d,250.00,500.0000,1
96,0x1380e845631cf55a3b6951562be04fabc5054025,250.00,500.0000,1
97,0xa788172d414995c02c5d94d95c2cf86ef8cb9a47,250.00,500.0000,1
98,0x21fd8e6f405e4290802b7b2d7a84352e37f197b8,250.00,500.0000,1
99,0x5692f727e96229dc700b33b10000bc64cbd28393,250.00,500.0000,1
100,0xe3b5ef7f753371edffb91b804181b26b86397bed,250.00,500.0000,1
101,0x2bd95ffe3a30abb1cca150c468e3f8ecedfe090d,250.00,500.0000,1
102,0x349d1787ef9ab591e7440f1eda82e00091379d37,250.00,500.0000,1
103,0xa21f75e71692c85b9787059e4a06f6818f32bd53,250.00,500.0000,1
104,0x056f617d93e7f8865dcb6e075aa7cb49b837927c,250.00,500.0000,1
105,0x47f88ddbc799badd3c228e9f200711d8fb77fcb4,250.00,500.0000,1
106,0x9b44d784e84a7d0a3ad79a30c1a2e64895568f89,250.00,500.0000,1
107,0xdcf52022cf3907a2c75de45d4176ebeed941e622,250.00,500.0000,1
108,0xfe603f9a7d1a0cd3648bbce316894de2b987d163,250.00,500.0000,1
109,0x71a7daa0aa6dcb5e142a6fea64c95b6e44d8adb3,250.00,500.0000,1
110,0xf9028db33b393febbaee7d12acb04307a9e1962c,250.00,500.0000,1
111,0x599c0506a93be1bee62c90efa4b22b48f30f4dca,250.00,500.0000,1
112,0xb125b56caeda68e85222486c263021f7787202a5,250.00,500.0000,1
113,0xf7dd06c646f83d18c85d6deffe19eafb70012abc,250.00,500.0000,1
114,0x988f007a037c6cb748e31cd0f69496b57deaafe5,250.00,500.0000,1
115,0x052dfb48117d1b720fa524525faddf807658c033,250.00,500.0000,1
116,0x0104bff7d0214ffab2d622f1534108e187c8905c,250.00,500.0000,1
117,0x5b7e080daa6a6437b50eb881d84b66158bb10fe5,250.00,500.0000,3
118,0x16534f0dae6602c8e20d25000f9691c9b7a68462,250.00,500.0000,1
119,0xd5cfe4e34d13ac239c2e4a59662ce9faec2fedaa,250.00,500.0000,1
120,0xa96d40edf9b91747641dc40a2fea6de1fc3ccc06,250.00,500.0000,1
121,0x52a06e7fc6a1234a776fe9844e5daae74f599f7c,250.00,500.0000,1
122,0xeff34b9372f08826daf738bb82e647b8a491129b,250.00,500.0000,1
123,0x42e0b14adc2eec940f337b1b747542222608ccd4,250.00,500.0000,1
124,0x68cbfcf6c722cd41adabc472fe37912bff77d6f1,250.00,500.0000,1
125,0x7590e5c8857ca7aa6cddc09d2c84f80efccc865f,250.00,500.0000,1
126,0x2676dea897b8f0bf2a7d69275b94f1f97425387e,250.00,500.0000,1
127,0xb2a3829a4e70748929d96a856e5994be1b4a1222,250.00,500.0000,1
128,0x9770f9a075b89a8b2bf47d926d7a34610424d3d8,250.00,500.0000,1
129,0x14e61d12a61849836f90f391dc0e021f6406c101,250.00,500.0000,1
130,0x2b5d8fb85156c395fc6cd97da68d33e164b4db19,250.00,500.0000,1
131,0xff7fb942e9e9cb00468a58b89cadc410bed61a93,250.00,500.0000,1
132,0x07b82e614e7837f041f633aed388d25a6f82d7a8,250.00,500.0000,1
133,0xef1930511b1a7bfcd99211fb58d6661b78a02e1a,250.00,500.0000,1
134,0xbab985a2df36991bb4de084b3b93834d3874f093,250.00,500.0000,1
135,0xc0849fbf3d9e2404ab34728fbb59ca212874789e,250.00,500.0000,1
136,0xd84dc4bf9c3d83c99b02ad208c5184e8b084b1c1,250.00,500.0000,1
137,0x5a76a9eef8d473e3e77399fc4f11ff6e41eb3f1b,250.00,500.0000,1
138,0xd96082b927f330aa6bd793f4b90f658d7bed4a01,250.00,500.0000,1
139,0x6fb89cdf8e4e8f26d02b1bf705d4892d0e5a14ce,250.00,500.0000,1
140,0x29394c5eeeb80e0f4b2d5f7d8233c7df9e0d1660,250.00,500.0000,1
141,0xfacd07bfefbdcec2c7b6ca705b255ce73967f7c3,250.00,500.0000,1
142,0x26eb59b940efd97e1a5c4ad3de6891f959dc04aa,250.00,500.0000,1
143,0xee467d6ff96059e3b84e2dd2faf69646211c94d5,250.00,500.0000,1
144,0x05a91cb27adc7a13a5ccaa1ed795eaf476e37c8e,250.00,500.0000,1
145,0x916445a42b676e6ff0c7992ea20d6e030d05bb9a,250.00,500.0000,1
146,0xce35ac115fa7a29cc223c62bf6bf8fae09a5e4cf,250.00,500.0000,1
147,0x39df520b75715352bf13c90f0d62ef90de99b3c5,250.00,500.0000,1
148,0x4a8f968ac20fbfd9ab245a66252ee32933bc5a66,250.00,500.0000,1
149,0x0f1868da5c4fe2bf3a5fa56fff51304ae3624d24,250.00,500.0000,1
150,0xdcef104d889f82a99a12d3288ee9472cd1bf97b1,250.00,500.0000,1
151,0x267691e4cb19277136863ff41b0c7ad6cf8c44f4,250.00,500.0000,1
152,0xf9e1cab9c0f38369d2addbb187a71c56fd5a22ed,250.00,500.0000,1
153,0x7f00a8409f5d4ca3d760743df694b8e6d67db251,250.00,500.0000,1
154,0x85076355e710017f70b0032e9db6754ea064f77c,250.00,500.0000,1
155,0xe138d678ce0ba85f3ff79bf81a6113392707703d,250.00,500.0000,1
156,0x475c19d4461499ba8583a07ad0987503f4eee881,250.00,500.0000,1
157,0xb8166273a3fc27266de814891d78d7abec4e53a0,250.00,500.0000,1
158,0x72a48b013bf4e18a6acf59910875f601b68bf049,200.00,400.0000,2
159,0xab75927c641a4545dc52b9c02562fde3d09a9b1d,200.00,400.0000,4
160,0x293ba423b0a4bf19805ad25fb0425aa168753737,200.00,400.0000,2
161,0x41fd71505aec91b6a85e340ff6e40d97652f4421,150.00,300.0000,1
162,0x8e430fe2457f10ca58fab9e0ea4f11f9c92b3d89,150.00,300.0000,1
163,0x652bc83f169985720624f788715f7c61f0d75d8e,150.00,300.0000,3
164,0x06ecae17b8dccc69761dc99d915671402d9e2b2e,150.00,300.0000,1
165,0x1c21307dd347b54cfc3754fa772e26584efab009,150.00,300.0000,1
166,0x6cd2404b1ff590b2d1dbacca4a25946d26c29c11,150.00,300.0000,1
167,0xbe199542c2731cbae4c0b03cfe866eea7710a8da,150.00,300.0000,1
168,0x89bed88f598388d9b931cc5cca468ff2e99fa986,150.00,300.0000,1
169,0x4072fb2f4d536ced9d1a2ee1a930e2d2d95889b1,150.00,300.0000,1
170,0xc6c11c788b3bcd7b34024e61e073b7d897205ca0,150.00,300.0000,3
171,0xc837a2564c66d6137af753a257a36a409a716866,150.00,300.0000,1
172,0xfc414d882ffb6eb900b5a93a565d95dba712eb6b,150.00,300.0000,1
173,0x4112bf0a90a532ccf918971123ea29e805d90999,150.00,300.0000,1
174,0xe37bf47647edd03b9369cd93830a96adf4f73c3b,150.00,300.0000,3
175,0x468f8c39ef1db73fe6ecc311b10e1828875273f3,150.00,300.0000,3
176,0x32e42a5eda1bd8a93d970d8e49b46570cc1773f9,150.00,300.0000,1
177,0xdb3e707543288dea256aa6b84b190238c7014376,150.00,300.0000,1
178,0x687544867e29166ba00845f3a1c546a02b9eac7e,150.00,300.0000,1
179,0x141cd850c0ba483a353c5dcc0b7cfc287c532f3a,150.00,300.0000,1
180,0xdfbe2eb56c7a0f8be1e492a0f3bb89879c245cf7,150.00,300.0000,1
181,0xa7e07b87a121b07237c91377b6617a5c326fb60c,150.00,300.0000,1
182,0x55543459d33cd0999d2ea1bccf49d7447afc2531,150.00,300.0000,3
183,0xa1b2f4eee99dd8da2c340dd7d5bdca56b8c63bab,150.00,300.0000,1
184,0xf5198de0672295fdb3279d53b44b0405807f89d4,150.00,300.0000,1
185,0xcd19280457f076d237592f199fc6f35e48c3af0d,150.00,300.0000,1
186,0x6dc90642ab601bddba482c6ba7afe4d558de19d2,150.00,300.0000,1
187,0x3a058ae8678fbad246ed53db70b53b6c9672407a,150.00,300.0000,1
188,0xe4c1552d05aafb640bf37f443c918b642d2931c9,150.00,300.0000,1
189,0x20156a7d65e92b7d8b5fdaf2efe8e9dbc3c5adb4,150.00,300.0000,1
190,0xcfe53746893992cb3cd7d9f40bb4e52b58660ab3,150.00,300.0000,1
191,0x8ddc35bbaa5f909517b5b54feb6d551efef32183,150.00,300.0000,1
192,0xa4358e8195eff110cf53669f01d7dedd11dd9712,150.00,300.0000,1
193,0xa42da39b932096cfb51823b28366567ec43edff6,150.00,300.0000,1
194,0x7a1499f87f601bec995a6d44fc04ab3e929179be,150.00,300.0000,1
195,0xd521fe27270369bcf4e67b4df214654bf667234b,150.00,300.0000,1
196,0xead49acc3e6725cca73ce7a962c933c16ebe0be4,150.00,300.0000,1
197,0xbd18e30c26823b6ace3e1e61e0c64c342cab964e,150.00,300.0000,1
198,0xc193ff8e5053a3e49c22c650658cde310a099953,150.00,300.0000,1
199,0x532d8fa58abc30c349a811b68035dfb06d01124f,150.00,300.0000,1
200,0xf9a21e10c3ede5529aa951eee06805311d2e8c1c,150.00,300.0000,1
201,0x1205bd836882022af155673c1dae32f0414acbd6,150.00,300.0000,1
202,0x0ce8aa5d34cb58c11911226adf9e43a7272eaa96,150.00,300.0000,1
203,0x42334123ed84310809c4f34a4174370ff030b078,150.00,300.0000,1
204,0x57cde367bdb6cd2bed5e35a90eebf9dee517906c,150.00,300.0000,1
205,0x6c9b7ddbf50d859cd6e93b655fb46fb41fc421d9,150.00,300.0000,1
206,0xab3471b467f2044c0ff1af452c5ad16edf7869b4,150.00,300.0000,1
207,0x3e8f62517c1d32b33198b77b479a3b2fde147932,150.00,300.0000,1
208,0xf8fa0f8e1579370db2c5cc8aec1cd84370387c78,150.00,300.0000,1
209,0x4eb5211dc2c541495863b5e20312541237b19d48,150.00,300.0000,1
210,0x854d31c29fab36cdbb66bc32295d963aec65ed4f,150.00,300.0000,1
211,0x96665cfb0624bd4a5aaf60fea544c8ae22d3f55e,150.00,300.0000,1
212,0x3d9d46d4b49e07e0f6073039e2de1bdac85557e5,150.00,300.0000,1
213,0x71b5163387c347349ce9678d6d4ceea09c70a0cf,150.00,300.0000,1
214,0x8f2cbc204bb7249faa6dd6ff132637cb3a783b0d,150.00,300.0000,1
215,0xa693a9407cbbfa17a584930c5acdcb10ae97d9d0,150.00,300.0000,1
216,0x8a03a19c5ca3c12567fab33cad28976aec16e2fa,150.00,300.0000,1
217,0x52da5fc79b7044c5424f44304f54ea288fb9323a,150.00,300.0000,1
218,0x9a7ad00c35133469fa843ec56a9d8791f61917ea,150.00,300.0000,1
219,0x1ec8982b380784179770059f34bc77782c01a45d,150.00,300.0000,1
220,0x44029bc1ee87edc79ca1734597f709323e1f5d43,150.00,300.0000,1
221,0x3418ff672ec72f9d267dbb767b61b3d19ac55447,150.00,300.0000,1
222,0xbea3a294eebb5fb2b159511fdc73e576a88c2892,150.00,300.0000,1
223,0x5dfbfdb9f429af7b697e4b583ce890309a81bed3,150.00,300.0000,1
224,0x56413adffbd74d37503988a68fd543006c65b8f7,150.00,300.0000,1
225,0x038a9aa1f6263158e195cad9992f1a1711d255d6,150.00,300.0000,1
226,0xa238fc9b19280140dca7d8be5a961998a8a47415,150.00,300.0000,1
227,0x0cb72b63bab10bcebf70f5f54e1a96a05d89722b,150.00,300.0000,1
228,0x79ab675d49f53e3e68901bd6d840c5b6650dda58,150.00,300.0000,1
229,0x46fabbc22b8b5f7792a6baea7d6e4314bfd307a2,150.00,300.0000,1
230,0x88872878f79b7c85a4c997e34e58d7d3664f29bb,150.00,300.0000,1
231,0xe9e36f886d42e13eaa53caa7c5b25a397d824f0b,150.00,300.0000,1
232,0x4a56fff992f281dfff0fa11b9dbd0dadc4049b05,150.00,300.0000,1
233,0x7db896b8128a1a996017c56f29e726b064bd59ae,150.00,300.0000,1
234,0x3b9e445fe0db166dfffef06b0dce10aff2b3249f,150.00,300.0000,1
235,0x5aea405235b0ec37b2cb7d48fde6fb7384496e42,100.00,200.0000,2
236,0xc418c1287c62cde6b8434e88e33f8d4feecf5e95,100.00,200.0000,2
237,0xc761e4e6dbbb84d0ca956e0c5ffeb037fffed46c,100.00,200.0000,2
238,0x6d507377836af36a06eb8f7bb4e3ee08899decd7,100.00,200.0000,2
239,0x1ee9fbe59498f08aaf4e4b285cf5b8db25f52722,100.00,200.0000,2
240,0x7753eba521d2a8f42ad22e0af10025cd27ab303d,100.00,200.0000,2
241,0x2d68a5850a4805c6fe6648e5870b68456e2a7c82,100.00,200.0000,2
242,0x54f43787b392b1a68042e2b94dadc5b5337d2b71,100.00,200.0000,2
243,0xf9220900f6acb65ba705092712210fb6050cd7cc,100.00,200.0000,2
244,0x9350f0978f06200fd48c413e2579c87e04abc581,100.00,200.0000,2
245,0xf7f556041fa301f6974b713976b5f7fe1faf1817,100.00,200.0000,2
246,0xfc69abd2871d928f1334c4b3e7eae9742b54cd78,100.00,200.0000,2
247,0x8c5201be36a68af3639a283116699d548845a2dd,100.00,200.0000,2
248,0xc26731f7b6521b9ddf58b2ef3f70658dc28a5513,100.00,200.0000,2
249,0x70a574bfb3933c9fa58012924d4591fefca2af86,100.00,200.0000,2
250,0x6ba8221531a30ef41260367fde92a034c178bb2b,100.00,200.0000,2
251,0x1b14f52ad00dba781a87e4afa3f849ee0b854fc5,100.00,200.0000,2
252,0x9ce5993df85d95dd9b8761bb6f5b4827134e2a36,100.00,200.0000,2
253,0xac5b822a21a267966ebc7af76a79a0ae3295edfc,100.00,200.0000,2
254,0x8c95344fec56a884f6b2efe750a227b7cf582ec9,100.00,200.0000,2
255,0x370370d1d450f99d71bdfd086a1dffa850a9b358,100.00,200.0000,2
256,0x4efe2be71883462c62c347d8b731af17967366b9,100.00,200.0000,2
257,0x449b157f8471cc8191f22889bae4c169d409d95e,100.00,200.0000,2
258,0x4dde35c525c940171c79ace23ab05cdc2b6c4838,100.00,200.0000,2
259,0x7c5dd58b90eb4a66a7309f6d1b8a5057caeb385b,100.00,200.0000,2
260,0x7f100f892bf6a405f990693d39e21da5a4a2c59f,100.00,200.0000,2
261,0x039f99a5946f77a73fe48781ea83a61a9d7bb676,100.00,200.0000,2
262,0x7eb6328690dac8bb3b7617443c9179a99f4797b4,100.00,200.0000,2
263,0x6f62b1de7eb3b8725235a2db96b85c498048b8bd,100.00,200.0000,2
264,0x0bc1cb130ea2c31ec560d1fc7c4854b442fbb141,100.00,200.0000,2
265,0x5133a8f79d01d7b4be925faa68a908ca2a148741,100.00,200.0000,2
266,0x7d448a2d64c8227fa5f831db06107b5cade8393b,100.00,200.0000,2
267,0x7028e4aea3922a3959115d93f36e6de6bbc8d177,100.00,200.0000,2
268,0x4c10831cbcf9884ba72051b5287b6c87e4f74a48,100.00,200.0000,2
269,0xdb817e0d21a134f649d24b91e39d42e7eec52a65,100.00,200.0000,2
270,0x0435aff9777dafbd0552b54951501d3169a02062,100.00,200.0000,2
271,0x6ae9ae7ea9001ecc25fc7ea68b037e529bf938ae,100.00,200.0000,2
272,0xbc6b9be0cf3023f724e44c18388bf1bd52180578,100.00,200.0000,2
273,0x8efb0848a6de28ddd290224dc2dd87174a0e29f1,100.00,200.0000,2
274,0x7c08c768822149affa8e5122f88656a4362f54e4,100.00,200.0000,2
275,0xf51e69bfe316015cfb5ad54477077dd82bdf79bd,100.00,200.0000,2
276,0x9eb646a51810a6032da6edceb7afe43255ac0410,100.00,200.0000,2
277,0xaf6a0dc14d2b169a434efb6bc43e2ec8fb15c6f4,100.00,200.0000,2
278,0xd2ae172eaefe28418ccc2866105f2c3eca4332c1,100.00,200.0000,2
279,0xc973bafd37ff547eb3169ea99cdd85ca82ef0ef3,50.00,100.0000,1
280,0x716004222e8e3a9efaffec31da886636d8cfa1d4,50.00,100.0000,1
281,0xd181b57bbb28fa993bae94a927c05cc00238f537,50.00,100.0000,1
282,0xdebaa769ff64fee6fd37a1657c31b04f2879c693,50.00,100.0000,1
283,0x82eda2717fecae26ea09b88b971db9127afca0c3,50.00,100.0000,1
284,0x96dee99d89758ca15f330e042291363377c6dedd,50.00,100.0000,1
285,0x5a8f1311aaa140a299a5081fde742bbb961da418,50.00,100.0000,1
286,0xf86444b8ec7743e51681de14a3586fb78e671225,50.00,100.0000,1
287,0x58cb18e72e6f6f7c7f8ae7bc95886a9146584aa4,50.00,100.0000,1
288,0xa0d2e19f2ff70270c4617e670568721484ed89a1,50.00,100.0000,1
289,0x0ff9120a3d1260b35668a0a04aba76c5be41a016,50.00,100.0000,1
290,0xc345afe3d28824f46cf45cf4bd55023755691f3b,50.00,100.0000,1
291,0x9b1162c09462d070dd74295eb2295ab9358573ae,50.00,100.0000,1
292,0xd4cb708db5e2b86896354334f478c96e64bfbf67,50.00,100.0000,1
293,0x34c21daee7dbf01b0ec90f4aaa344c9830d70c0e,50.00,100.0000,1
294,0x9206a35cd56933f8e630be69fc656435a191bb60,50.00,100.0000,1
295,0xd267bf189bde9925fd432071be616804ba10976e,50.00,100.0000,1
296,0x686cc8b83e4a69bed383e6b1aa22e2113471229e,50.00,100.0000,1
297,0x54b7302853b7b9ebb699f3a2dd761541775304a4,50.00,100.0000,1
298,0xb9e6ca71c3e17f910debd5cd28d42bf81417350e,50.00,100.0000,1
299,0xa27b196326914eb7227a66343a0409545beeb6c7,50.00,100.0000,1
300,0xc24df06f9fd0360b8974106d9ef1f9aed7075534,50.00,100.0000,1
301,0x6172e49bddd1a3d01beefda495ba30f296eac088,50.00,100.0000,1
302,0xb1d794bf280aaf0c78b1daa5c7b078032975c54c,50.00,100.0000,1
303,0xb0b872d74fdc6a87a6e8dbb50586f5dc0fb6b26f,50.00,100.0000,1
304,0xde74c4b54d6935cabcd99b403e9596bc3550eb8f,50.00,100.0000,1
305,0x2cda4a8cf28be809556eeccbed4682e2dc3b1559,50.00,100.0000,1
306,0x6e77b89e5342a43055dcee528dc3475765498cfa,50.00,100.0000,1
307,0x47293fa1b61f950308294124833cf5a160698b17,50.00,100.0000,1
308,0xe2593ecd3ee979a66de5a7310d73a09e81726eac,50.00,100.0000,1
309,0x1d8e502dcc4033298263f3cbbea8c08f8f97fe43,50.00,100.0000,1
310,0xdb6bbad3380e6abb6b5f2ff18c0877a33e234fd1,50.00,100.0000,1
311,0x1c1e5a92ea68c947b9ce6f8949cdee30769c1102,50.00,100.0000,1
312,0x4474740f7437944536eb41440fdce053e8e64568,50.00,100.0000,1
313,0x4b754285474e6e0e99593aed730f77a7250d67c1,50.00,100.0000,1
314,0xf90ab91b6c87e86863745c48c2594d82f3965e0f,50.00,100.0000,1
315,0x325e2388647717cc84338eeaef614dc1022c9a10,50.00,100.0000,1
316,0x6d96f62deba0a529a6c8e6a49f9401c241621da7,50.00,100.0000,1
317,0x4d0527d6f52b40bd2044c44bd71cc6cf5a58c601,50.00,100.0000,1
318,0x58901dc24be057e427f5f1d04f8b59901546210f,50.00,100.0000,1
319,0x541a594b91feec4f7d2005a6915d88481c3390f1,50.00,100.0000,1
320,0x56014f48c48f66d88b1c02235145ac72a243793b,50.00,100.0000,1
321,0xe84fa603701d2a588a33bb0b35db9eaddbd8ee33,50.00,100.0000,1
322,0x75e1a5b3917dd78345829e902da175776d729083,50.00,100.0000,1
323,0xb48855b9df3eb45af0f1a5131840c8d66e99b82b,50.00,100.0000,1
324,0x8894cf0d943c330c508ad936d991b987b1a76df8,50.00,100.0000,1
325,0x6d6b934a62190dd25b2409146e477385f770a038,50.00,100.0000,1
326,0x4bf2935d2e93dea7e0d08972f3249cdda7a5bb97,50.00,100.0000,1
327,0xfe3616bb3530b4a6beeac55234b8e2d258685011,50.00,100.0000,1
328,0x0d3fa490be51f8d7bf2082d85947225f6b887143,50.00,100.0000,1
329,0x5f979dbc5cb1d43e1a54d2556fae7c65e325fc56,50.00,100.0000,1
330,0xad9cf9db3ce7746b3fe1db93bf9eac6226728eab,50.00,100.0000,1
331,0x085e4e31c34c274e77d9038f72bc5c6ca8187605,50.00,100.0000,1
332,0xda92b9c6cda2a2248fb325be30cb74825d6d4672,50.00,100.0000,1
333,0x3babcb89a89a8445c01372f96f0d1992ed32831a,50.00,100.0000,1
334,0xab98261f5771b601d930b91f41a98bdba3276c67,50.00,100.0000,1
335,0x2643266f1bcba4a6ed64428a3e59bf1f54ff0371,50.00,100.0000,1
336,0x07885bc993543d6551ab257259b06f5455eec4d0,50.00,100.0000,1
337,0x9219c5efdced68e2769c244bb2c0eb59e64ae92d,50.00,100.0000,1
338,0x37b30e0d978ee1d7cbee318f2d2c7a37f570a0ec,50.00,100.0000,1
339,0x05ea4a9ef769627e5760126cbf0fc1fb4ca70023,50.00,100.0000,1
340,0xd31f153ecd786c2d80a2e572af12938290784a4d,50.00,100.0000,1
341,0x89ad2a17bbe7576750fd7541c0d6e613f1c5aade,50.00,100.0000,1
342,0x9bf16c520fd32f8e994fab71226632c4435f6746,50.00,100.0000,1
343,0x4c2a06c2acc8d6089f7b780adb041fc74709340f,50.00,100.0000,1
344,0x857622b16132480280d2c149872436ed5ecf0d0c,50.00,100.0000,1
345,0x6df1e3ee6682024c1994591e855c9d51873a0d18,50.00,100.0000,1
346,0xd927fa17afff381b7e86ace0936b20330d31efd4,50.00,100.0000,1
347,0x0f268150af0593301a1ca6c3e7ad69b7ecde3cda,50.00,100.0000,1
348,0xc96082d349cea3c1b7fcae830482398cf639e142,50.00,100.0000,1
349,0xa12f48c7bd97fe01e2278b5f5830056494893e09,50.00,100.0000,1
350,0x5cf66c3562f16fa1a7d2450a99db1a39d7b81a45,50.00,100.0000,1
351,0xcf9d43ebfd7274c784f342d1b50828c743961394,50.00,100.0000,1
352,0xb15e0ff2f75944caf61b61c67249eb1b960ae089,50.00,100.0000,1
353,0x6dba5cc767476e07ae90b039b1a885b9c8b13b3d,50.00,100.0000,1
354,0x2809946182a52dec5b7e11386f9fb83a748fab30,50.00,100.0000,1
355,0x98c26a06e0725d292242e887491b824a510e39b9,50.00,100.0000,1
356,0xaa4cc145f1c0016ef4caa0d1826f92fc4cb1de60,50.00,100.0000,1
357,0x52a378688c457b91a30f9788aa92ca4294d14c93,50.00,100.0000,1
358,0x3aebaaf5e9d423e569aad72400186f825fda7bc5,50.00,100.0000,1
359,0x02c6d45d3148cb1df56921a3d5050c726e408bed,50.00,100.0000,1
360,0xd63af6bd8deaf487ae3a50a1621a49ad2e6cd6d2,50.00,100.0000,1
361,0x1ef2f37bc496b4d03968cc5311a7b7d1b17935b9,50.00,100.0000,1
362,0xc16f2a6c82fa8d827100ee6f87af70087001c0f8,50.00,100.0000,1
363,0xc64dc2d084e46a815edc141fd8c6c34b70b4fd0a,50.00,100.0000,1
364,0xcdfe15cb7606ecf60b3530dffb961d639afa3739,50.00,100.0000,1
365,0x6b1e95baac106cff8b962e5b4e2cb47f39bc3d04,50.00,100.0000,1
366,0x11136abe2a1800ed460b1e061bf35aa6a2ee1b45,50.00,100.0000,1
367,0x019c679619064d736f27c4a7831fa67de81e4cc9,50.00,100.0000,1
368,0x1cf3d8090014e563e47d2e3989402790c95280dc,50.00,100.0000,1
369,0x051497c52c7ebf039de013d57631c779c453cb48,50.00,100.0000,1
370,0xc13253e908c30b7ff113824c4551029dc98cd3d9,50.00,100.0000,1
371,0x8b3be9a062a828b529c9358868e452ac157d56c4,50.00,100.0000,1
372,0xf87f508a11eda9df5220a1f1a88bf628127b2d0e,50.00,100.0000,1
373,0xffc0a993d43af565b41093924d5b5f73a8babbc3,50.00,100.0000,1
374,0x4f997d506679455dabd6e0d14400d8ce20191edf,50.00,100.0000,1
375,0x3117835a80e73e7125a10a6a63ef39788075c020,50.00,100.0000,1
376,0x524d7f42fe0f38fcbb4c4afb6613644cd3928864,50.00,100.0000,1
377,0xaa5cd84b5910de0df6ad15fa4d2702753cd7a9d0,50.00,100.0000,1
378,0x813518ef7b0f1e9835bbd42ae8ffc1fd369b41ac,50.00,100.0000,1
379,0x480c436a0a1028a22ea44562b0d89477cf30641d,50.00,100.0000,1
380,0xe4fd6d0020b934c620b0026b6310fac8eee4e803,50.00,100.0000,1
381,0xd87f35e3a59928656160f07520d738010395e9fa,50.00,100.0000,1
382,0xe0b778b92fde9d16c1923575f36f00a48b8729fa,50.00,100.0000,1
383,0x3fccb9de0fed6570577038949f07b00f17753f9e,50.00,100.0000,1
384,0xe038eb3c04b59b8c5340e56def24099e78903eeb,50.00,100.0000,1
385,0x44c009be050631428a8a3ae512ccddd2414e08c7,50.00,100.0000,1
386,0x99ea5bc7199bc412c896a477adba69f9e3ba4968,50.00,100.0000,1
387,0x5a08ec7a96d759e33cf8c9975d0259a6b0233b70,50.00,100.0000,1
388,0x593f3881663d23c9a71e6fb0039ada1c744ad8c8,50.00,100.0000,1
389,0x46b93e90be7f74f7e5dfe32d77976cdd85a95ec3,50.00,100.0000,1
390,0x1cdc8830432884f8a10add97b7a78ec6e0ce5d59,50.00,100.0000,1
391,0xcc891110984913abada6527add0ce13095d668a8,50.00,100.0000,1
392,0x27751b19fd96984cde331c0ed7716de6eb542c89,50.00,100.0000,1
393,0x1998b6cc8bbd4e27738ffa7067122c7dbe586b99,50.00,100.0000,1
394,0x9f3688d3c5a12ada3475d2bcc8bf1309293bafe9,50.00,100.0000,1
395,0xae77e0cec59ca958b64f56c285c836d48e8f75a8,50.00,100.0000,1
396,0x118013a36f4c7ce13d5588efc69981a0241d28ec,50.00,100.0000,1
397,0xdc564fafedc96b530c38932ec56e1d47fc8add65,50.00,100.0000,1
398,0x56c9e589d44cb25e35da1aa36254e48e9f0f376e,50.00,100.0000,1
399,0x24c3bdb9a68c6ef2b82aa881df298430cfcc422f,50.00,100.0000,1
400,0x9b635f7e7b1c4bc3a6e9ea39d67026f0111e4e78,50.00,100.0000,1
401,0xf70eba7a5069d85b283a6261ec640975bf56d6f1,50.00,100.0000,1
402,0x8b1b16d2f6a69720005f7d6b31b50f13c47322ae,50.00,100.0000,1
403,0x2c3e1100e5eaf7f9a619d1611eea402819d90ddb,50.00,100.0000,1
404,0xf2d286a253be1e1d7108f8222729c3e71377b4aa,50.00,100.0000,1
405,0x6321b2da3a466fcf794f008a3ccf7d059a47b858,50.00,100.0000,1
406,0xc4170aed58b92446ac3917fdd8b28447f8adfa9d,50.00,100.0000,1
407,0x95e93e6dcd29651668b6ea0eddf88212617a2abc,50.00,100.0000,1
408,0x9018fb4145c58302a4204644c1cf507caf32d837,50.00,100.0000,1
409,0xc3e8008553c8f2297ef58551f4dce5fef86b2889,50.00,100.0000,1
410,0x6aef18cd966011e6896010569612556c8af8b19b,50.00,100.0000,1
411,0xe7aab4469de5b64b181c01e7383ca9ae2932985e,50.00,100.0000,1
412,0x474db41fd8676f3add65d8bb3f0dea117ff25603,50.00,100.0000,1
413,0x89fe943e6d07c40f42a15060d2dd1b9da298af8e,50.00,100.0000,1
414,0x7cf15790cfffc5c68ef1d81bc67da9d4a7afcf42,50.00,100.0000,1
415,0x3c6ca53a53310533d62b548a6584d662602a9734,50.00,100.0000,1
416,0x041334b54962629ea9e5c734e47023ba3d631888,50.00,100.0000,1
417,0xc57363b120de795da99d60c5a73a210c7f7903cf,50.00,100.0000,1
418,0xbc86f04061be813359e5aead156668d0901a71af,50.00,100.0000,1
419,0xedfbd18cbed1ce6a077a989f8f9664309aa1be78,50.00,100.0000,1
420,0xe8481e87902b98934140f7c3ef3ae25b479f4341,50.00,100.0000,1
421,0xd66a6935686fd38f0bb0883b72756ba55a7c0574,50.00,100.0000,1
422,0x11e5e79e00dacd40f48e842541a792ffeb5601e2,50.00,100.0000,1
423,0xeef4cffaa8639ca7e5355ebd32ad28d5b7f884f2,50.00,100.0000,1
424,0x1a567c7784d4e2cbd1b0f0213253953eb3d96236,50.00,100.0000,1
425,0xca96f4646b39d21f4349ff8b1939ac20e48dd74e,50.00,100.0000,1
426,0x18edec3599f1e2c696f05885312ecc3fb13829a7,50.00,100.0000,1
427,0xea64c9fd4ac091a033d1d37fbea58c552c091def,50.00,100.0000,1
428,0x5bf2742393f9faa6927a50638c50d930dc2315eb,50.00,100.0000,1
429,0x1715159944096449c48bc1e483c0a960796de2d6,50.00,100.0000,1
430,0xa552a940a4eeb4a96f21a7444216049d75e3670a,50.00,100.0000,1
431,0xc63c05918dd2b91c3bfc1f1f5cdf7bd4c7cf51c4,50.00,100.0000,1
432,0xa1f0e536200fd65087fe6dd220d79110a83b5cd4,50.00,100.0000,1
433,0xbcd676d7e29b2782339749f9cb35b0355e024169,50.00,100.0000,1
434,0x95671965522d06cdbd125fcac062c0aa0fe97e1e,50.00,100.0000,1
435,0xcd991abf2d5455a1446d758177228b699362caf6,50.00,100.0000,1
436,0x89bf6a7d731b5cd1e3770f50d3e6a1c36944ba0f,50.00,100.0000,1
437,0x0f1752dd7b400d497b8eb22a5e2884f3cd9a52e2,50.00,100.0000,1
438,0xc323432ef2dabba8c8f97560f05804f214885ad6,50.00,100.0000,1
439,0x798f6ab754f29f389b2afb9f63f897b15afe4e86,50.00,100.0000,1
440,0x38ef91c2c755993d9ce1ecfce55959ecdd535576,50.00,100.0000,1
441,0x99ef58541374693979948abf2a26174efd3ad19c,50.00,100.0000,1
442,0xc46981db6105d6659f4c2b98c6347c8cd28062fc,50.00,100.0000,1
443,0xf2a404da79a1e063d76c906e769481ce989b90ab,50.00,100.0000,1
444,0x8d74fe21ec67c1cf7e3de2a5cdf06ab8ea809d01,50.00,100.0000,1
445,0x541885978434854baa6b155923f3908183144161,50.00,100.0000,1
446,0xc5bea454a0cedcc9f40bc560518185a943ef2617,50.00,100.0000,1
447,0x30892b6f5799bdb299f76aa4973793530d88eedb,50.00,100.0000,1
448,0x4b72e0ca3a602d206f44428653ec5a303af88446,50.00,100.0000,1
449,0x31963699feb1100b5ff4f1cf7f30d87aa28ccc01,50.00,100.0000,1
450,0x7c777e861952e934905544f77d345daf46d31353,50.00,100.0000,1
451,0xee988e8bac28da03115cdab1d8a011a5283761e3,50.00,100.0000,1
452,0x17a66c0d4e8433f1420323b5e27843bbdf96ce11,50.00,100.0000,1
453,0x2ce4aa8177e242cd51db14d8422da9ebd0cdc2bc,50.00,100.0000,1
454,0xc3060a1ca7778012f859176ce6c3ae66c090dbff,50.00,100.0000,1
455,0x50aea9f059871664c9fe40e3067bf1cdc2b03a7c,50.00,100.0000,1
456,0xbf73a50b788cf62cc8800822b527bcbc27f0682f,50.00,100.0000,1
457,0x7aa68892f013d981dffac7ae403faa886938552b,50.00,100.0000,1
458,0x8667dfef4dcd16e617ed6a3b0b75b70551351537,50.00,100.0000,1
459,0x4b849a5f11e23ad7d0665168157c27788d695366,50.00,100.0000,1
460,0xea9c80958ece17754721b9ae3a76b67c0504751b,50.00,100.0000,1
461,0x27d7b77108837207781d244266860bfc47f95850,50.00,100.0000,1
462,0xabc3fc596893107038a380df4d66170455e1d3a6,50.00,100.0000,1
463,0x31b1af9aa34e58fa0e5d745d433a7b2154246919,50.00,100.0000,1
464,0x92bff95226cd8d456b18cd1bbd72e533aba7e738,50.00,100.0000,1
465,0xd50a893ba947830e394f86dcd9499c6de02140b3,50.00,100.0000,1
466,0x5a495c915ef285d8c097db3a4317bbcc13f6be12,50.00,100.0000,1
467,0x7fc3f35a993ee24d1c5118564f4144a547fe6f12,50.00,100.0000,1
468,0x6656d0652623966d6b40d4d2366c2b8c7029de42,50.00,100.0000,1
469,0xde915e66e019b72e08502e9c102c6ff5b5827b50,50.00,100.0000,1
470,0xf375c900bd16a7c9780573454fb7cf0d68a8c716,50.00,100.0000,1
471,0xf1b3b1d999774ab9ae4571e063ef602d83f5b1fc,50.00,100.0000,1
472,0x8b2fde0caaf6ca59e0fcee01be92ead8b4d22d5e,50.00,100.0000,1
473,0xddfe906d5e267177207169a72381a7f5be73dab3,50.00,100.0000,1
474,0xdecb9368aaf81ae9f356fd871e7bf1c4e1fdcc43,50.00,100.0000,1
475,0x7ef516cc3569418923fbfdbf8d30c50c0dac1a2f,50.00,100.0000,1
476,0x2e4e45a33edae1f0bee25b8f8b9bb6c869e01d2f,50.00,100.0000,1
477,0x317cc40a05c85650d257c8b9e1abcdecc9a94e9d,50.00,100.0000,1
478,0x4d2eb5401dcccf343e234cb190bdd52056256aa4,50.00,100.0000,1
479,0x91f79f33d8dc7c0cc88286fa1731c21e00b22419,50.00,100.0000,1
480,0x9ac726f1f9e3f0283b67d9c80cfcefaf2dc105e6,50.00,100.0000,1
481,0x9e737b32bd8aeb28dede37a34aa435c0c7ec7d56,50.00,100.0000,1
482,0xc7ac9f56a7d07ee36354abb66062f4478d5a8d66,50.00,100.0000,1
483,0x545fca2a142a3c6032b01be30733f8cfc0e5c185,50.00,100.0000,1
484,0x250d3a5a5c22d22ad8596e70a1d2332a9872c06d,50.00,100.0000,1
485,0xb68f8613eff4c8a140a4edd9fc8f6ff44c5fc9a9,50.00,100.0000,1
486,0x2ffc599df505976376d21bb2e4d95483303af748,50.00,100.0000,1
487,0xf62acf7daedf92edc17b56c9399f582bee31539e,50.00,100.0000,1
488,0x144cb4e8ea50acac2720bbc288142d5c88274a7d,50.00,100.0000,1
489,0x25ea80609595aa0eb1cd156e0bd059fcb2c29359,50.00,100.0000,1
490,0x3bb7921c5db78020d70b9a32e17ad33a48c729c2,50.00,100.0000,1
491,0x033350057b58e1204be2b51ca4581b1bdfb51f6e,50.00,100.0000,1
492,0x97320c1a85c38b448caf637bb0317cf81827c589,50.00,100.0000,1
493,0x2f9c0222e0021b5c3fe58a3e498aa11ffd4a46a7,50.00,100.0000,1
494,0x1dfe4b36752a369a6318ee325b9d3bac2397a2ec,50.00,100.0000,1
495,0x0371e1a37263706ddc3813d388dc801e0eb2b422,50.00,100.0000,1
496,0xb45f5b3983e26480ba808b595df61124ebd40692,50.00,100.0000,1
497,0xfd853a68fba3a41a2e40dd4b3ca826a541e380f9,50.00,100.0000,1
498,0x4640479a0b3f2f3b331606556db5594e7b5c178b,50.00,100.0000,1
499,0x0c971ee14035cb713b58467acf8e47e61861c9dd,50.00,100.0000,1
500,0xaa9e900dab15c5fd862866ea51d4c75e1afb6d4a,50.00,100.0000,1
501,0x06d9bbd166d02c47502990849584a649ffecbb9b,50.00,100.0000,1
502,0x049587567ab411309eb796345eeb0d2e0f12b407,50.00,100.0000,1
503,0x523650ce5cb593dad8f38a8009f824b0a816a996,50.00,100.0000,1
504,0x0f68d0cd197a06df5c740d79aa7cb0d61dba833f,50.00,100.0000,1
505,0xd59afcb427b19227c8514305b499399548e7d9a8,50.00,100.0000,1
506,0x474a1eca10e2f0a1dc949736d4e0e522a5d53a24,50.00,100.0000,1
507,0xfc73614ed73c6d28f62569cab5dc949a05d94745,50.00,100.0000,1
508,0x5fe1176faea7c7d0a8671f0793b70f3b286ecdfe,50.00,100.0000,1
509,0xf16362af417dfe06df69f76fbebf271d5fcf90c9,50.00,100.0000,1
510,0xe16ba15091674a02c7aceb1a8e7dfc3ad984e3df,50.00,100.0000,1
511,0xdb6054ce811b442c1e318eeba5bafaa7b2e5a855,50.00,100.0000,1
512,0xe5e9a2a9fcab62576c9b8bdeea559e10fbd437a3,50.00,100.0000,1
513,0xa8d3de09a075dc20a03ec75d44dd0af3fbd6797f,50.00,100.0000,1
514,0x9eea39bdebf0e968b3bb3283ecf194e0ed633fc9,50.00,100.0000,1
515,0x3e851e9d513ce9461c08d6f50e5e9fce7dfbcecd,50.00,100.0000,1
516,0x021f4e44286a64350819567253df63ac21d6c241,50.00,100.0000,1
517,0xe939bc8d368a7c61d0701c3ee72d08badf463665,50.00,100.0000,1
518,0xf3fcdf34a273b891c0d4a189cc64e71c88f1b7a1,50.00,100.0000,1
519,0xd314c5f2b45b0d8feab6ad31aeb9f1790c72ce46,50.00,100.0000,1
520,0x20a18b1423c61b49138064340b180e6e9993488a,50.00,100.0000,1
521,0xc29c41fce51f19ef51e86cfec209789073e16512,50.00,100.0000,1
522,0x140530ea179660d5321c1b675d101bfc4ae6caac,50.00,100.0000,1
523,0xee740c8f5b52455cfe81e50bc487a7cef7650a9a,50.00,100.0000,1
524,0x6515e1f244eb974beb91358827a4c524b056de80,50.00,100.0000,1
525,0x469a805f17ffd434fac6959e5fbc154bdf856059,50.00,100.0000,1
526,0xe4856b0795ca61a2dbd02b75bd7b4174f2a5b294,50.00,100.0000,1
527,0x751e41ee3fd849fa76b544f6314d0a1972bb243c,50.00,100.0000,1
528,0x094e983b87e83cf211f3ced674cfa9d8cc129f19,50.00,100.0000,1
529,0x93ed89ff5eab97c2d87ee9160416711dbe0a6063,50.00,100.0000,1
530,0x37bf8a2000ae55d5cc68f206ed2eea4886b80a13,50.00,100.0000,1
531,0xfabfcfa5b0ad3cafbfd0e892de4ee4d01e3c26b1,50.00,100.0000,1
532,0xcdef18e4945482b597c2037f867814a76964dc29,50.00,100.0000,1
533,0xba86f30c5a4bc5e0c7d79437c708fce238665a14,50.00,100.0000,1
534,0xfa93fab523361829738c285ae67f4df0b702546f,50.00,100.0000,1
535,0x2a3a608719137fb18c9a21482004ad0a26505f44,50.00,100.0000,1
536,0xddc4682198ed9a36f47811a7e0f28058907450cb,50.00,100.0000,1
537,0x70f24eba2dfac661cb947d74612364183a2ba1bb,50.00,100.0000,1
538,0x1cdb6f8c834fc00fbd29f78c32b3d29d4a4ed962,50.00,100.0000,1
539,0x787f25f9e95cd872fafa0a384efef79f4020851d,50.00,100.0000,1
540,0x83e4b681e8b00fda3e33aa0a69fb18749d407a9f,50.00,100.0000,1
541,0x64b0b66e7ad150c5e314afd84e8de37ff9aac64e,50.00,100.0000,1
542,0xff433c61487e7cc52642757bed0e71086d033a30,50.00,100.0000,1
543,0xa1eff8990614782b68f596b588c0fe90be9ded64,50.00,100.0000,1
544,0x938f04cd24eeb77035de89d5d530191738012e78,50.00,100.0000,1
545,0x150cf44287ee2b0e8a608f08bc4792a01a7e9ed5,50.00,100.0000,1
546,0xb295ff4133e083a115b93d5bc9dbc6f0c77206d5,50.00,100.0000,1
547,0x67a42c80cafe302a592106d55799ad6a43f68a2b,50.00,100.0000,1
548,0xbaf568d330d8aa9548986e205eb6e9635ea42269,50.00,100.0000,1
549,0x7e068ef3a9d8fb2c3bcf00e8f9b360b60d4acb6f,50.00,100.0000,1
550,0xf5283f2afd71bc976ffb7b198d1367758fe4703c,50.00,100.0000,1
551,0x436a853f1c25571ecfcaac54ca6f8e919a162f75,50.00,100.0000,1
552,0xd49c1fee60629313992d5afab54b17a6eea709e4,50.00,100.0000,1
553,0xf12166ef08d6e2f10b53d5668b1c959a7c5df9e4,50.00,100.0000,1
554,0xa76a954bec9aae5e6a81439b44336cfb224cb98a,50.00,100.0000,1
555,0x5f83ed65414c53ec106c4055ed56771cc92664c1,50.00,100.0000,1
556,0x0ddfeaee74ed09ee675fde4bcb312caefddb69f8,50.00,100.0000,1
557,0x56a988fc04677c076d6b0417368139ae17d28deb,50.00,100.0000,1
558,0x11917397d81b17ab787b012a53cf9d30ed29c115,50.00,100.0000,1
559,0xdd9d5c1e34d2f8685c7f7da8fa2a91a34b2f0183,50.00,100.0000,1
560,0x4fd82fb7413db9c3501ff97e11605e9fd91b8502,50.00,100.0000,1
561,0x0675e0055850e179b45f516990c519015f4471d0,50.00,100.0000,1
562,0x169fd9a3a5c789ea6cf4d594a88c76180aed8df6,50.00,100.0000,1
563,0x902237063c827a8874d879271f47ea24e686ca31,50.00,100.0000,1
564,0x146544373daa6993ce723233f4371dbc1069f98b,50.00,100.0000,1
565,0xa0d75b69840db34c0b3907f7a940b4d2cd5368c3,50.00,100.0000,1
566,0x51d51344b9e116eb639859dd8bcb82fb0ef1116d,50.00,100.0000,1
567,0x2a8e07090c92142b3498ba04aec32bb6938a9d9d,50.00,100.0000,1
568,0x98812feec53eb82fa1e80797c4bbd00634ada366,50.00,100.0000,1
569,0x1d8c1e45937f39ffb16601e4fef1b9a9ed3cb84d,50.00,100.0000,1
570,0x3dc9c0b161651b8b90c216f9b7f64c9ff2372b6a,50.00,100.0000,1
571,0xafd33fb14af97cdf283eb01d9b1a5d7d45f8549a,50.00,100.0000,1
572,0x7d5f5bd22173078a685d3d00a01d4526ef10e9fc,50.00,100.0000,1
573,0xaa97ae038a4b70196ff88aab38cfd8d1a0e925c3,50.00,100.0000,1
574,0xd64082fecad3501324c2d9b6e315f6c13fa94827,50.00,100.0000,1
575,0xcb13a2cbd849d3b72e1236dcef431e72f98035af,50.00,100.0000,1
576,0x8f24b62250a1526cee0562aeec95b3ed9bd723ba,50.00,100.0000,1
577,0xc76b80cc40dab6f1bea281036233d2a60e9d2208,50.00,100.0000,1
578,0xcef21a05ae18dcc440fc78e410c3090884ad5a6a,50.00,100.0000,1
579,0x1f34ca8b4f03ea56b70606ca2c1e4e68a00b8b88,50.00,100.0000,1
580,0x54723905923ca1e77ceb4b19b34dbedab4b762ad,50.00,100.0000,1
581,0x49786e4f039ef443e450772230021076cc5fc059,50.00,100.0000,1
582,0xc7700c8195a83a535cf2944d5a484b848cb79a0a,50.00,100.0000,1
583,0xb6464759917800d3a0aab641d99383e46e5f0437,50.00,100.0000,1
584,0x4091929e478158dcb364fa6feef4c872e3ad044e,50.00,100.0000,1
585,0x16136f35a10f6d78145ab8f2f915e5b704c1e628,50.00,100.0000,1
586,0xe3ed40ad361b9f87fe1e8bd0ca1a2dfef0c109df,50.00,100.0000,1
587,0xf50efc5e64dd4a21e76a06ebac6dc6904eaeba7c,50.00,100.0000,1
588,0x6648a2a1c4a61b6b14bdca0eb75b66f3d125a739,50.00,100.0000,1
589,0x4f57dbe1e37fd13fea697f5c6d71056637fb5530,50.00,100.0000,1
590,0xfc05448cd507ad65f0d9d3814a70ef3298b03e35,50.00,100.0000,1
591,0xcac569bfa5513ec1b011d915ff3805f719f67fbf,50.00,100.0000,1
592,0x73f2a55f8777b91b85ef7b068d0ab81fe5399dde,50.00,100.0000,1
593,0xf30828f1b30879501b244dfdf9b94a33d0daaf98,50.00,100.0000,1
594,0xb829f0f24c408c88c541891b38000ac73b012c49,50.00,100.0000,1
595,0xb5fb11cf9f1979fb2905359ff86dbcaff78cda4c,50.00,100.0000,1
596,0x1a4ef795ccb8a54fbf46cb9b5102890438811641,50.00,100.0000,1
597,0xe9ef2430e984131427ed7a15eec8578a405db78e,50.00,100.0000,1
598,0xe4aed2f08c3d4df27455d3e5899dd733be0af004,50.00,100.0000,1
599,0xbc54da586bd803ae9d2fce3334e29297295daf5b,50.00,100.0000,1
600,0xbacfa51bfbeaa771d2190657e2e8487344ba5055,50.00,100.0000,1
601,0xfae873020996a62a5de62d97e29ab48c27dc8137,50.00,100.0000,1
602,0x1cf4c5cc19d95cb2f7d4d31871128578b3a35b14,50.00,100.0000,1
603,0x8fa30dc457498b2193e75293d0a785fdc6b28f76,50.00,100.0000,1
604,0x52d4b3f9adf227e94137def8a85f5c0b2d2d3f52,50.00,100.0000,1
605,0xa9de30d1e742645ceafe7c30efbd865633b08135,50.00,100.0000,1
606,0xeb451db073c3251f491c097d81e9c49bb18a4a19,50.00,100.0000,1
607,0x16a92defb9728d85a0a1c83c067e21ad4d2a0a8d,50.00,100.0000,1
608,0xc780f65f1f4503c89bc049ed0cad604569d67e2b,50.00,100.0000,1
609,0x3fde7da86dc61b227158cb3732a91e233858e356,50.00,100.0000,1
610,0x954c6ad58362e695f0cbf19e317a816308fe08e8,50.00,100.0000,1
611,0xe3b41cb681ef3c9ded5862afae684b01c0f3719a,50.00,100.0000,1
612,0x6b082a7e49e288ca6afd8c0999a0150a5d9dd033,50.00,100.0000,1
613,0x5c589a8b7964d16993a4f7faa63714e48eac90da,50.00,100.0000,1
614,0x85f3d067957b101f1646ff78ea43377bf96e267d,50.00,100.0000,1
615,0x568cc4cf67a8998f4b4e3d7c30b85d52974814f2,50.00,100.0000,1
616,0x3a297e4ce08c157b6aeb93de5f0016d41a3d9f24,50.00,100.0000,1
617,0xe38ea3e0cadf1cc8344b313b1e54c5a9940721be,50.00,100.0000,1
618,0xfd9f02a26f107b65e9a44ec203d01249484e9186,50.00,100.0000,1
619,0x103c46c3034b77dc53138ea877628b81c424310c,50.00,100.0000,1
620,0xdc99b19afe1afe2d3bf5143c10f7904e7eee59b6,50.00,100.0000,1
621,0x8fb0b70b894e7392885a97278c979ffc267d376c,50.00,100.0000,1
622,0x7d25fd41d561d52bfd02a1baa2507f6ab9306cab,50.00,100.0000,1
623,0x23e172ba8b1943e6de54835832c73543e141aea7,50.00,100.0000,1
624,0x0fd59504d91c940c3053c9282d0d89316c99cce9,50.00,100.0000,1
625,0x44de36546f6700750168b0bda8c577c36a64dfe3,50.00,100.0000,1
626,0x4a22d5b863b9a589e3856eed4e4186be13110208,50.00,100.0000,1
627,0x622d2c6975e2d2aa4fb40a9f230b7aa0e8a343cb,50.00,100.0000,1
628,0x539c3a938a9a44edf61ec89ae35a8e49c9f35f9d,50.00,100.0000,1
629,0x56fa7f0fb1b2aac1439b5221dd6adfb87d6fd7e6,50.00,100.0000,1
630,0x96a2e869386919c007f6c56fae4ea36d505f0594,50.00,100.0000,1
631,0x8a7eea3835b28bfe151498400429c1842240f194,50.00,100.0000,1
632,0xe9fd44e4bb71aafa9f60ffa57027c5f19a6fe6cf,50.00,100.0000,1
633,0xfc175872fc8db01761b94f13415c67c8776111c5,50.00,100.0000,1
634,0x26a74500ae0b3f67a6bc24fbf25d8951de844070,50.00,100.0000,1
635,0x307c42399797b26de35cf9f9f9d4d94173e3a510,50.00,100.0000,1
636,0x9933fba130befbda2a19f69448f0d86227ce2fda,50.00,100.0000,1
637,0xe5f6d389349f81b3c56006452df845deb28bde88,50.00,100.0000,1
638,0x0f8065c294cb51829c3f5d2cc60a4e9d676f0219,50.00,100.0000,1
639,0x78e6acc83b0533e2492d34719719de79fadb6dc8,50.00,100.0000,1
640,0x89bc4ed2d4e72a9c57582b6caeb2442e7edbe39d,50.00,100.0000,1
641,0x39951ca884d8110001c65621eb3a80bf2412684d,50.00,100.0000,1
642,0x5de884cdaaf5320cbc99a028a9c2bf412981e280,50.00,100.0000,1
643,0x11b024901db1c454e29e2ff40ccf1a3c92783ddf,50.00,100.0000,1
644,0xb6fd3d7ad07d8a9323a1a8e46753d8ae46dc19bd,50.00,100.0000,1
645,0x30c3c6bc06c6fda8673964b7f2520fcca34fa962,50.00,100.0000,1
646,0x71fa72780da368412a84f40d6e240a7c13e3dc54,50.00,100.0000,1
647,0x9216e0fc6fab3dc69bbe9cf7c090767e38de2d82,50.00,100.0000,1
648,0xf3f3c92a8bc601746cb061ac1502526f724ec7d2,50.00,100.0000,1
649,0xf5046c9269099b04e8d1978137d5e83d80e2abe1,50.00,100.0000,1
650,0x8feb00ff3e4ed6cbf016cc5d369f513426924ca4,50.00,100.0000,1
651,0x51e59642b6f40bbc6b82966e8d763857dbb86d91,50.00,100.0000,1
652,0x4a821de2c668162989c81549ec1b2187f3ef7709,50.00,100.0000,1
653,0xbe53f47e9c11ff926a0a1c992d5cfda79fdd9753,50.00,100.0000,1
654,0x08defa29ad17c03f6271fef900d6cbd93146afcd,50.00,100.0000,1
655,0x3386037d470499554aea2ff61e8c2532352dad9a,50.00,100.0000,1
656,0x9da39f2ed0692a17074cc01c103b4cb869e2f64e,50.00,100.0000,1
657,0x922a03dc309f90e0cdce4560f77bbd0c6599d4c9,50.00,100.0000,1
658,0xda75cd143722ac3100e99244435370a2ec67014c,50.00,100.0000,1
659,0x848a5bd2dca60f15c8f836e65c11b852f7acc0f3,50.00,100.0000,1
660,0x85541193cb4936f0138c1b2e9c82e81ee72eddda,50.00,100.0000,1
661,0xbd3ddd8fe7dc2f1e417bec47a146cbba709ad0da,50.00,100.0000,1
662,0x8ea1f0ac09d8427b175fbeae50565a16c0ac9510,50.00,100.0000,1
663,0xe3d2ac6f6a05e755d11d665329ba4790ab2ea9c6,50.00,100.0000,1
664,0xa7d576114b68179680d3e33c724e19b0303c82e0,50.00,100.0000,1
665,0x99482e636dc495409fb5756ad0d3d2be44452f8c,50.00,100.0000,1
666,0xccaaa527083f03226f1787816fbd0cbbc2f3b930,50.00,100.0000,1
667,0x4db4b4a959d8f40db69c72f89efe22fb584f4eb7,50.00,100.0000,1
668,0x1d08d2bcdb9d1f99b19aa2b8b00d894ab53fedac,50.00,100.0000,1
669,0x867a809fa5e30a1a18213b608fd1045808f3c3ff,50.00,100.0000,1
670,0x9c4af3847cc94d14708be387237b156fe16a0f94,50.00,100.0000,1
671,0x48f1b021851df3b2b153c992d1bf4559db2d1932,50.00,100.0000,1
672,0x6cd4714f1f949fb4961a9b47601944782dae7366,50.00,100.0000,1
673,0x0f2632a4a03c8c18058a59dd8c5d76de960ca154,50.00,100.0000,1
674,0xa59c14a634b24d7bb831a41bb186e3bb3adac5b7,50.00,100.0000,1
675,0x7c4867ba4e5998d9c8b9bc2bd45cf0a01758a132,50.00,100.0000,1
676,0xec2beaf6185c2abbf6021816020c82c6518ec4a4,50.00,100.0000,1
677,0x1be575e0ddb653d239d8b6a6c351dec7329b8416,50.00,100.0000,1
678,0x645425be4212e762dc0e9ec0c82456c6d5a7d41a,50.00,100.0000,1
679,0x8d25ed74bf544dc535007bd1b5e068610dded985,50.00,100.0000,1
680,0xd419d8ae88b77ca56fb5e4570792fbcd05ecee05,50.00,100.0000,1
681,0x0155a06ead79f74d6d30fa71fd97850d2ce5f8ae,50.00,100.0000,1
682,0xb0d7284b36d67cd2a76c4921a2afcc29e7027b79,50.00,100.0000,1
683,0xedebfae2a3ff188edc66d18594d731d712bfe32c,50.00,100.0000,1
684,0x08fb933f2a3dde1afd6885b0634f44c2e1faf4ff,50.00,100.0000,1
685,0x7442ced35a1bc2cc9520c5444cf834f5e1a8307d,50.00,100.0000,1
686,0x3f5bfc3ae67429d9b6ea452e87a3ffc1c148393e,50.00,100.0000,1
687,0x5c14f4c6eccc38aa6978f2b0250d4ad4e673a098,50.00,100.0000,1
688,0x6c26e615ba86e27185d076004d733483c95fc334,50.00,100.0000,1
689,0x22a7bf457706ac21ee8eda1f0b5bfe1fd93ddab6,50.00,100.0000,1
690,0x5c2ab36b3ca17c4e93b420f5aab31623e97e3cd6,50.00,100.0000,1
691,0xcb8afab2861f0658efa3f39e0ce51f6be95aca77,50.00,100.0000,1
692,0x01d0ab1fc1263f4bdc984bf9a9f573125fc48ccc,50.00,100.0000,1
693,0x02416a5b52c256c2a5b36187483f7df2c986c89d,50.00,100.0000,1
694,0x9b95c5562da4fe454c468ca0e90e2b9c702c495d,50.00,100.0000,1
695,0xec11b14d6bc94035ad351ec5cf9682dfa8b311d2,50.00,100.0000,1
696,0xb8c0ac7fbcddc823c4189f83d795fd6bc31b2ba6,50.00,100.0000,1
697,0xa867602e6c6c104cd9a9c0610a3b6b6208d8b62f,50.00,100.0000,1
698,0xc722f5ba858571d1eff313aa71138636df158fad,50.00,100.0000,1
699,0xcadd5d7b93fb1944839c2dba0a06dbe8840dcd2a,50.00,100.0000,1
700,0x0105730752724c961a3a2fb53babb37e866cfd26,50.00,100.0000,1
701,0xaca2e493aab7350bb2b201aca0fc67de2ee1a423,50.00,100.0000,1
702,0x0abda21cf5e1de882ef11079c42918e36b29436c,50.00,100.0000,1
703,0xd81a974610d877005bd204160c69822dce40c8ed,50.00,100.0000,1
704,0x902df95c67a9b9c551ef8b394d05887ed16278b0,50.00,100.0000,1
705,0x89b3f87f28221fd84784540a904283fb468f8e16,50.00,100.0000,1
706,0xfd591ad1f5e750939e56495edaeaa07faffa7750,50.00,100.0000,1
707,0x1d2821eb9681e710c744f7003ec94b79d17d9072,50.00,100.0000,1
708,0xfe54c48a11f74b94e9037079df893015023a6ba4,50.00,100.0000,1
709,0x6daca9ac424d9f726a6b393a45e63aa75f8b94dd,50.00,100.0000,1
710,0x4869e8965573c8d007b4ac9c374505a20cab3af8,50.00,100.0000,1
711,0x8b07252db3de5917cad356dc79883f5cfbdbab92,50.00,100.0000,1
712,0xecc9a7c5bdc52823314967e6e23658493e6218da,50.00,100.0000,1
713,0x1365ba8317f6f89173d9af4e169478af17090055,50.00,100.0000,1
714,0x563f14a16d94d1fa3dbb15eedd00036414ef3588,50.00,100.0000,1
715,0x4a272aab952917ad6758c9aaee690475200c04c6,50.00,100.0000,1
716,0x1f5f9b200a5b3824a46cfddf145469afd9a67ec3,50.00,100.0000,1
717,0xc949c211da370d5c5def14d15aa2fce2a2d44092,50.00,100.0000,1
718,0x8ffbab9578061dea86dfeef4eb33fef3f5a30390,50.00,100.0000,1
719,0xc89d3a16cb682d55724c3b59ccc4e49e0a72acbb,50.00,100.0000,1
720,0xd5578919cadf31ba4b28dfe3b326342c5416fd6e,50.00,100.0000,1
721,0x6cbb048925287607827a9b72dddbd10d0eb3d188,50.00,100.0000,1
722,0x26b67c1daa621a5a34d23290d0f78a209e8219ff,50.00,100.0000,1
723,0x89d07ef512acd22bcb8d9e3c0ef596f41cb5220d,50.00,100.0000,1
724,0x9f2bcc463a222be4e10fc3325de5bed63f012b42,50.00,100.0000,1
725,0x6e7045de99b746916076329f90046139033ea7d7,50.00,100.0000,1
726,0xc6cfc7ef4c050fed508f444b9fbe76ba17fad703,50.00,100.0000,1
727,0xf1f327c94112e459edb73592e0ae0e0f5abfa95c,50.00,100.0000,1
728,0xf1b050b037fc74c8fb4da71ba00654be3f5cc892,50.00,100.0000,1
729,0xd443cf278f416e0cb65a88c8dea3c5d57520fe31,50.00,100.0000,1
730,0x13c66ab3ac3c5bf4704da377266d1e2e3f5d4116,50.00,100.0000,1
731,0xfaeace40f8ae046407d8e879a98429fc64a37803,50.00,100.0000,1
732,0x0269d63677792dd12db1838f168218022fa3e503,50.00,100.0000,1
733,0x1fec813ff599d96ba0a063bcb4aa2dac59074575,50.00,100.0000,1
734,0xf8fd92a93662f43a13c41b3424ec20b642d6b141,50.00,100.0000,1
735,0x13fd2d6df3787055533888157dfb5a9a49787850,50.00,100.0000,1
736,0x9862560085241e703a20ee1ef314a3dc8a2a443e,50.00,100.0000,1
737,0x1464a46427f0f0bcbe2bdbf69ec6fd378e185f1a,50.00,100.0000,1
738,0xc0ca7a10c6eaf4387510d97374112b4073ca3b5d,50.00,100.0000,1
739,0x94646e323e08ab5631e7221b8baa15bc5faaf2a0,50.00,100.0000,1
740,0xf400db7211d840516397c9bf254f742ec99f9f30,50.00,100.0000,1
741,0xf4e432515289fe175b7c2e4b1cd67a61cef6a891,50.00,100.0000,1
742,0x8bf7ba2a6533109446d5dfc423995a64da3960c3,50.00,100.0000,1
743,0x393a66d0b6e1b608c1dac6f1775de4e317f6034a,50.00,100.0000,1
744,0x0ef6aa4edbaece4ff6218c51196b76747b3ec620,50.00,100.0000,1
745,0x5a7dcb46f371c7a1c36ecd94ce26948a42bc26f3,50.00,100.0000,1
746,0x8995d09f38b1739428be6708217a4c4aa77d7db1,50.00,100.0000,1
747,0x1bfd036e468c6e09c0fbfe66d918c76c8b61f333,50.00,100.0000,1
748,0x26f01bdd15f7c2ff6b88f61eb92445fc11b836ce,50.00,100.0000,1
749,0x2578931332f28ab078665261a35e24dc0c286afa,50.00,100.0000,1
750,0x044285fed5c568846d267ef95fa75b732729a2d2,50.00,100.0000,1
751,0x406ab39c657ab14ac07304554fdb0e37ca190f8a,50.00,100.0000,1
752,0xe4bf8b824e79059549fb7676bda6f68d11b7348c,50.00,100.0000,1
753,0x32c5cef19187cf1f40724fed77db95c2bbd3edf8,50.00,100.0000,1
754,0x6e86400e9e62ad59841e5a404063b7015386893d,50.00,100.0000,1
755,0x1716208189e9fdfa30ff4f84f436af5f6f261432,50.00,100.0000,1
756,0xae8431b2893b9ff46b6fa102648ea7e83e928117,50.00,100.0000,1
757,0xefd687082b9a8cd04603cd1e300710c2c25d0d5e,50.00,100.0000,1
758,0xbec63c5ff5c75e135f632c2ac4728321f5eae67a,50.00,100.0000,1
759,0xb24e6d9328f11d5cecb3e171a69a27e2f3786be5,50.00,100.0000,1
760,0xa8e60db719feb9995fe82c682d63bb8f325870dc,50.00,100.0000,1
761,0x2df826a267e195e7539d368c1842ac4026a3ceb5,50.00,100.0000,1
762,0xbf171d418f4201aa4924da84babb8410d9418111,50.00,100.0000,1
763,0xdb69fab3f9bd703b62431cf63b20b828764dd1af,50.00,100.0000,1
764,0x126010f2892077030a5e841fad3bd0d3f357e341,50.00,100.0000,1
765,0x873e76328c25f6ad6be54696e57335b2db476c37,50.00,100.0000,1
766,0xb8b840c77c446c965c6f6738e92322764f805197,50.00,100.0000,1
767,0x72a483c5897089caf226a121a6d9bef01a4fb7e2,50.00,100.0000,1
768,0x7624c6d713890ddc069c85af9f68a08dd9a1a24e,50.00,100.0000,1
769,0x29960672fb34c2461d59aafad058587e9135ece3,50.00,100.0000,1
770,0x0c1aa7afc06085aef888c101d4593efabec8c148,50.00,100.0000,1
771,0x53626266092541a9dc1b9a13df158e82ed75d1e1,50.00,100.0000,1
772,0xfc7b7d158361fee240864bb4cb8351877514e2cd,50.00,100.0000,1
773,0x1a2ed4d828a6aa7a95ea6d312b5921bec0cad02b,50.00,100.0000,1
774,0x6e9fdab05fd826f855ed9869b89dd891298d5074,50.00,100.0000,1
775,0x64c0456f94c1e65efafff8af0cff97704be6e6bf,50.00,100.0000,1
776,0x18ae2dc73fddfacdccd3f68a16b0b11ce328a909,50.00,100.0000,1
777,0x3197739c7add104aa22ee4daf096ed7dbeb740a7,50.00,100.0000,1
778,0xe699aef5ffa19c6835a8d7fbd9c79a4679193b0a,50.00,100.0000,1
779,0x81a151f814aad39b81753564294c4809f3095be9,50.00,100.0000,1
780,0x9621cfda726c85d2577da9e7d5a07e930b031c2d,50.00,100.0000,1
781,0x16271ba7a0b622f88a562909fbb4f136647cb34b,50.00,100.0000,1
782,0x4bad8c6ba456e9c458cd5a5ae8264a2ac5982791,50.00,100.0000,1
783,0xd9af1303a6d13c1d608c009f173ef41dd3367876,50.00,100.0000,1
784,0x1886c943417f026a57b65741107b1fae30723c1b,50.00,100.0000,1
785,0x95f8fd88def7f563c9d71fec3c039b01a10dcdfd,50.00,100.0000,1
786,0x8f57683172d8e91066167cc70c15c21fd4f74d25,50.00,100.0000,1
787,0x644e0864cb4302bdcade58b9e506a2054cbdd6cd,50.00,100.0000,1
788,0x6a2c7b096babc8479c2cf3799c4bb865624128b7,50.00,100.0000,1
789,0xf3bb7b85c4263516bb9065d19c7ed883c24bc045,50.00,100.0000,1
790,0xe1f7dec31d7108b93e20d5479916a20c2149cacf,50.00,100.0000,1
791,0x5cab9a2c3e2b4cd40bb617791647c46191796d54,50.00,100.0000,1
792,0xb65ea001073cf03776b7ec8008bc52d56c51b889,50.00,100.0000,1
793,0x8435ba7c5bff77b9fac82b3be3e434c1197b2327,50.00,100.0000,1
794,0xee642f7c12eaa2537fc5ca4f5b742241318041bc,50.00,100.0000,1
795,0x0fda17a13b68bb1f75c902e789f5eb7b181d9d6f,50.00,100.0000,1
796,0x7322b752a35d202fa1f44673ad5af6a2c9289af4,50.00,100.0000,1
797,0xd108040d442fa039b4d4ebb6ff5838bd30dbc515,50.00,100.0000,1
798,0x7b850cfe091cc83103ec3052c0c3eb6ae8eac10c,50.00,100.0000,1
799,0x13e418c2c6e797edec19177c2133f0a4b1b527b5,50.00,100.0000,1
800,0xe27a3969cb68f5c7cd83104725aeac61c1cef3f8,50.00,100.0000,1
801,0x47393c0e3e41e388dabf8bc6d73f9688c1ef2d80,50.00,100.0000,1
802,0x63b5ec1682e0496dcbbd586aaa97a64a400d8638,50.00,100.0000,1
803,0xcebf6ff955f5924c8e6b8beeef7cad1332d58042,50.00,100.0000,1
804,0x86d798125ff11c6476efe67a294092bb177a8b74,50.00,100.0000,1
805,0x63702fe2a92de5e6d1baacabdca768f4886ab6e6,50.00,100.0000,1
806,0xc28e8a9b2172bfd3fb29bca5cad913bb402a6dad,50.00,100.0000,1
807,0xb8001ca0e47e5dd271babe1d116fb6a9122beeb4,50.00,100.0000,1
808,0x4e4168af1ff2302935fd052c69d4e80907e6e8db,50.00,100.0000,1
809,0x6005ae74b35cb3859aee6686f760ba929e020659,50.00,100.0000,1
810,0xf366508f85fc4cb0eb8843d65c3f5b189344dc69,50.00,100.0000,1
811,0x1aefeb14c525082d7f7da9a0ef6be6a83790ec5c,50.00,100.0000,1
812,0xe290c5969b37ba711affbe02dcf386f0dbdcbd17,50.00,100.0000,1
813,0xa5bb69388dc35b6a665a8a7e9c9ec4d0ccaa468e,50.00,100.0000,1
814,0x6b94873867961f036b6d148768ead1f6f4e7c85e,50.00,100.0000,1
815,0x01bc230e39d2d5f456cf38f3b4583b078d3cd41f,50.00,100.0000,1
816,0x1a5babc3502060fc3e4ef93bbe4f21558dd59763,50.00,100.0000,1
817,0x3d57f9924a60ffa91a7d35f55cfc9cb3cd4a816f,50.00,100.0000,1
818,0x61a6ad22435a22b066fffb004861643fb9496681,50.00,100.0000,1
819,0x0aa4df30a5aa28ee23de6b16e285d4a6acfaa649,50.00,100.0000,1
820,0xecaa3b3866e690095d15788d1dd136ef205e36cd,50.00,100.0000,1
821,0x83b4c32a002f749ee0d518d9772838a3dbf90a21,50.00,100.0000,1
822,0x361d4dc5a0355d2a8daaba548470c8002b6425d4,50.00,100.0000,1
823,0xb29d0f28eee7b2d4a51a209d5017802462569ee6,50.00,100.0000,1
824,0xadd97ae5a01faa452867e30f3dc54fa32b9eca3a,50.00,100.0000,1
825,0xa9890d4d94333bfc2f05ca877e8d96c8d9248e2e,50.00,100.0000,1
826,0xb72e2c84348ce543619620cbd8a3996192b80f66,50.00,100.0000,1
827,0xc515a03dfacf508ae0677e0c34ee29a28bc581a6,50.00,100.0000,1
828,0xc122d8d881e914d0dd2e48f9f15d81c4fc28d541,50.00,100.0000,1
829,0x07bb02e07e3cb56fe1e808b9c250d74348f42405,50.00,100.0000,1
830,0x9d340a8bb9ab2467f67b72dc6b6937fd455538d7,50.00,100.0000,1
831,0x5d382500db543d39ca50d0be74328f4955459856,50.00,100.0000,1
832,0xda55ca3f6a399ed430ebf46b8d0fae059704b5bf,50.00,100.0000,1
833,0xa3795293f50f58953c0b81e210c37c37769e4c94,50.00,100.0000,1
834,0x7d6ce27db6bd5e0c1758c2808a654cfa1be51902,50.00,100.0000,1
835,0x84861876bf0b06e506e9300b522c9760749ab0ef,50.00,100.0000,1
836,0xa610e67b0033af30d3255f1d16aeba7b4c86baa6,50.00,100.0000,1
837,0xe15785e889d20888fb132b962209292daa9beb74,50.00,100.0000,1
838,0xbf647a473d389b787b669ed9257c03360b44543b,50.00,100.0000,1
839,0xce7395120727bb22c92ff45ebd866d4b0f00a847,50.00,100.0000,1
840,0xf00ecd29bea29125ff19a965b70c4a7dae7d96de,50.00,100.0000,1
841,0x9ebb3bac3a1b714440a49d6e6662d35d8a6696df,50.00,100.0000,1
842,0x01500d17c79ba64747fea793fbb3c152c60d71ce,50.00,100.0000,1
843,0x6469fa60a18b5c367082061e2eb65b2ed3fe8a1b,50.00,100.0000,1
844,0x2f46d6b2d44c79b7a3643028b9503408633875b4,50.00,100.0000,1
845,0x522aea69f8c60f0318b3da98d5348850e7bae7b9,50.00,100.0000,1
846,0x38b5dd24ded03025eae38796646b07305ff6ea58,50.00,100.0000,1
847,0x14bd353ab941aeff9d6b6a9b9bb27e3ab8141f35,50.00,100.0000,1
848,0x3c2a79b83ac6e3b6676c63fed1af8c96f3f825d9,50.00,100.0000,1
849,0x14d22840d4de19ab3e70885114981451f29536d7,50.00,100.0000,1
850,0xa347c8ebe82cf2c6a1c0bf5c7b0749b064692395,50.00,100.0000,1
851,0x0cb4cc6cc8da340df055efbd07aa1060ce64b209,50.00,100.0000,1
852,0xae8cfed5d095c170d19fb6c6f9b7a34ec9634c93,50.00,100.0000,1
853,0x16181a10201c40e6dd4acede62ecaebcc79a1ebc,50.00,100.0000,1
854,0xd31120465795197f10875ac02d2ee6178e501092,50.00,100.0000,1
855,0xf6191e5d2f857fb32eb45a08db8b9affe9142c60,50.00,100.0000,1
856,0xc9d920e748fda3a9da8f08c3d6bf464acc5264bf,50.00,100.0000,1
857,0x6d5d869d37f6add16e845e6b6ffacc6a600f44e3,50.00,100.0000,1
858,0x8d5e952bb4d964f98289d5b1c2a4195ace461f82,50.00,100.0000,1
859,0x2558ccb8d1b3bc71a2e48131f7945ef700733db3,50.00,100.0000,1
860,0x8f037a69686e3cc4485b0bc68e0494d76bf02264,50.00,100.0000,1
861,0xbcedfc1f73ad12eab3ea92a5e710ccee1d750952,50.00,100.0000,1
862,0xa91f85aa92a77b60a4dadd0b1a010fd23c017cbe,50.00,100.0000,1
863,0x86c786146b5c00fdb4fd95b8f8b5b4974c10b808,50.00,100.0000,1
864,0x5067d182d5f15511f0c71194a25cc67b05c20b02,50.00,100.0000,1
865,0x9d90a5c3054ea380b4e7ff9c53334a7c21b40aa7,50.00,100.0000,1
866,0x1441042bd8229045017eeb3a94a13703e18aebc2,50.00,100.0000,1
867,0x6fe03fd383e987e70927dbb0e04d610563e9eb31,50.00,100.0000,1
868,0x09d381c02afbb8c76551b9450fd329eb2a823154,50.00,100.0000,1
869,0x5edff8081ce1cfd6b41b9a325c35e4cd25c6a121,50.00,100.0000,1
870,0xd9e9cebaa4c7d66a4acd5bcd2458265ad65791a7,50.00,100.0000,1
871,0x16bb613511bfca0fda28b0b55c966fb6b8987b38,50.00,100.0000,1
872,0x76e8bf31e867c8f0f557d5fd95f62a3a22d1c579,50.00,100.0000,1
873,0xc166a4ed390928da1941834bd0201739403ef63d,50.00,100.0000,1
874,0x5f7cdfdcf017731dc131c622fec515914b5f889d,50.00,100.0000,1
875,0x52c6b0c5b19e382adb37df9e3ae882fe49dd91c1,50.00,100.0000,1
876,0x98e120c962b08e2a5ce07781819f0117c92ad03b,50.00,100.0000,1
877,0x645145578f06ff345b35e7169d445199a4ad86fd,50.00,100.0000,1
878,0x734b97b05224d6a533bdacdfd5bac3b52883b020,50.00,100.0000,1
879,0x86bb1ca9e161af5df49249918368f37aaec19ad3,50.00,100.0000,1
880,0x0c9ab232b28bf37f7a153c1acc7784814de250ee,50.00,100.0000,1
881,0xe8990be70a3027c228cbd48f4cece37b15505007,50.00,100.0000,1
882,0xa5b6131d4f7c407bbf557f95aaab0dcb1b382929,50.00,100.0000,1
883,0x40043c16e297f7308a25914b5adfa1983504ca29,50.00,100.0000,1
884,0x80e0b6a4eada66ac7c731c1e9bcd4a88a9f00a9b,50.00,100.0000,1
885,0xb30951489e70a5e6f249cc763e770cd2f1fbcf06,50.00,100.0000,1
886,0x06fa0c2463f86c34513597d6f203233e838e4c86,50.00,100.0000,1
887,0x7efad6bef04631be34de71b2df9378c727f185b7,50.00,100.0000,1
888,0x4429ae0804a583940685abb0aab926d64d041105,50.00,100.0000,1
889,0x42b3d7fbe0f2496ae27d2c77759f6f7f46ed70e9,50.00,100.0000,1
890,0xdae0a99e2e8d6e46be5a3443bb20fcaa7e36a7b6,50.00,100.0000,1
891,0xd2de4ac72252e90bf570902aac4a176b218c8ca4,50.00,100.0000,1
892,0x5900abadc6faf0ca1be912060ec484fdfaca8df5,50.00,100.0000,1
893,0xbda179ab93e76ee0b1458877d45a85536813b3dc,50.00,100.0000,1
894,0x35590d7ccbfead403ea9af251a9eeee555353dcb,50.00,100.0000,1
895,0x7011c7d399b564844023fda42b9bbc357da1dde4,50.00,100.0000,1
896,0xd19fe0623e4810a283a3475b91fc7450d6a96286,50.00,100.0000,1
897,0x64668f492589a10127a46a7ee26152932a73cd8e,50.00,100.0000,1
898,0x015bd2fb7a8eee47bc041d2cc4318c12dc6f8abb,50.00,100.0000,1
899,0x613c5d746fad200d6ad28bd96052b4dab7a086dd,50.00,100.0000,1
900,0x2915122c18a6b1c62ce32dd25da47a1278428b93,50.00,100.0000,1
901,0xf625a33f27e43e9fcba2257640c453cbfc938ecb,50.00,100.0000,1
902,0xa60802c9720d1ad81f07e3384e92cccdd5cb654b,50.00,100.0000,1
903,0xe97a6ddd80fe80f8c7e5492ab70c2c2a42adf6ab,50.00,100.0000,1
904,0x450ef3ce569dd13cfe35ba14f24942ca47d2dddb,50.00,100.0000,1
905,0x912f4168c618b7570b4d63fc635f5139fd776cb1,50.00,100.0000,1
906,0x53a1c3ad7244aef0136d21ac4381c2769bee8a5c,50.00,100.0000,1
907,0x8928ce56a777e56df829f480a8bbffbf27f0245b,50.00,100.0000,1
908,0xf7bcdcae70c44f98225e443388122440f78a7ac1,50.00,100.0000,1
909,0x0a46b10a425ed91e909186b7c153923baa75a384,50.00,100.0000,1
910,0xf8ea5a6b83fecaf1998e1a52ec192974260f4bb5,50.00,100.0000,1
911,0xe5db18dbca03eddf659320707de58942f7b1f053,50.00,100.0000,1
912,0x700dd3b3e0d3b473a398ba16179881691bfa3518,50.00,100.0000,1
913,0x604e293e7783e0473fef5cdf4cee4cc76e20f139,50.00,100.0000,1
914,0x49e715f6a8b03884bc361c739fcd552f0d43d744,50.00,100.0000,1
915,0x0a11723909d7eebe51cf5b437669911126c69be4,50.00,100.0000,1
916,0x9bce07bcc8790b348ef542be0cea229687cc3c69,50.00,100.0000,1
917,0x39439b2f70bef5e992c5ca26d07eb6dcf25b0a1d,50.00,100.0000,1
918,0xa05830e0945fb23eecb05472c77d48b1e9908fab,50.00,100.0000,1
919,0x21399a59b6513fee1348f71ad784a6517f8c16f1,50.00,100.0000,1
920,0xd6b93380baa72a4ad126b2e8985a33dd8c13d98f,50.00,100.0000,1
921,0x1e0f0ec3420bc4524f8ae9aca6788e7b7921d46b,50.00,100.0000,1
922,0x3d579273a0b858556d7130354e350376f82dd064,50.00,100.0000,1
923,0x5768f6d17cf7736fddcf9b33e32f30ed5df8c4bb,50.00,100.0000,1
924,0x6700e1c19253f2865223c277ae4a5124bea2bef7,50.00,100.0000,1
925,0x72cb29268b9a95b17a62f5b37be56ea1b0eed80f,50.00,100.0000,1
926,0xd31f34df8525c3095ca90bf0417406f0d53ca69a,50.00,100.0000,1
927,0x9054a459333255e349554082d824282d38c80c7a,50.00,100.0000,1
928,0xc6c9512e66e732826ccdf67774b44edd65faf60d,50.00,100.0000,1
929,0x32ca43a2d783739e1ca940c263b703e2bbc147f1,50.00,100.0000,1
930,0xc3ad63a0d0e0cb27f97577e9b4be4cb88d7e3e4c,50.00,100.0000,1
931,0x15fd038755fe6dcae3d0bfecff419a9ff316b000,50.00,100.0000,1
932,0xf0283f0c713a1cec3a74062b5119386376280506,50.00,100.0000,1
933,0xd38c568fafd56a8d9643d87db64d23d51c38c174,50.00,100.0000,1
934,0xdf1729282c8b5409a4abed28087024ed22fd9f52,50.00,100.0000,1
935,0x178a565b9c44e09ec96f6e52f7314110980c8c80,50.00,100.0000,1
936,0x7b1a4cf4ba1abf46cbef6c52d7f7aaabf3a677bc,50.00,100.0000,1
937,0x1c9c2285aa499940581c3e8614d7555ab6d54547,50.00,100.0000,1
938,0xfb90a45a0f7e09c3727796154c96365db0d60ccc,50.00,100.0000,1
939,0xb06cf678fb120273b48df6fd2bacaa5fa85da240,50.00,100.0000,1
940,0x187887cfa0b170294f90f2f6f030842769a3dad3,50.00,100.0000,1
941,0x56f7b2b027a076da85f7695ea884b06908697d50,50.00,100.0000,1
942,0x81a57e273233102553c5a11fd54b93b619fd5281,50.00,100.0000,1
943,0xe6a17e940667a318ce0b4f90a18231db16624b14,50.00,100.0000,1
944,0x247a8862b6ad116b732052bf48c9bab02e8f8045,50.00,100.0000,1
945,0x3672e1cde02a1848fe8e8e2f08a42b7542531f31,50.00,100.0000,1
946,0xa0d8233e74fee3e27836763888bc6b3b57b83ae9,50.00,100.0000,1
947,0x0fb2ee2a95fca69dbf7f8fd30057efde0567b6ba,50.00,100.0000,1
948,0x4bb746155d90df0f1dc663f1bb39a10838b569a7,50.00,100.0000,1
949,0x76bc8155fe5730c3d929f16694c5c715348fd177,50.00,100.0000,1
950,0x42cb9081ae512554e02b24c3ae28fe8380e52e00,50.00,100.0000,1
951,0xa867b3ac9fc9611c45604f4e4575d8e72a810d84,50.00,100.0000,1
952,0xdc1e8fc91c4677b858fecc8f09fadd360e6c69cf,50.00,100.0000,1
953,0x71e61a1cd9f03e0d9957384a686e8fa91bd29753,50.00,100.0000,1
954,0xeec24a4c2ecbaf678243bd0efd72656fb40a1993,50.00,100.0000,1
955,0xa0c656ad8f656bafd650e6b830652af7a95215ff,50.00,100.0000,1
956,0x4bfd3e347e79244dabe52e5d478233a7b544d3cd,50.00,100.0000,1
957,0x8b782db17476c96696aac91277fa90f1c8a21580,50.00,100.0000,1
958,0xf8434a30f98bf279c2f375780f5992fe434eaaab,50.00,100.0000,1
959,0x40ee97d7b8d424489938bfa0a523ae39b59d7f5b,50.00,100.0000,1
960,0x7b461808d33bdb8a0eecf25724011fde0aba9c85,50.00,100.0000,1
961,0xf976b269213569d3ef64e1d2b023fba5a0c32cbb,50.00,100.0000,1
962,0xce567cab828809bbcced1254126000e941ca08d6,50.00,100.0000,1
963,0x67b0bd23a7a7e17289f651e3d162c13ff0696f71,50.00,100.0000,1
964,0x2b9956b74bd164342e8c7d23fd28167fac9885d3,50.00,100.0000,1
965,0xb10337a067f9ce1093d1af452d36fda57ac2ec42,50.00,100.0000,1
966,0xdd3c23c95e3fdfc51f3f368d6cb18f4e9cb0dc94,50.00,100.0000,1
967,0xd1b6ed412b00e00f987eceb6861e1b8076591919,50.00,100.0000,1
968,0x1986b14abc1192f075cade0d71ab422706adc9a2,50.00,100.0000,1
969,0x9cca61f1df31bc07ba814f956204cfadb46c1ba2,50.00,100.0000,1
970,0x3e436e9ef8a44cb65b00fcefe4ac1952384ed21e,50.00,100.0000,1
971,0xbf1a9d04c37081dedb9a2b5733de89b4006971f7,50.00,100.0000,1
972,0x574c4953252cf721c19edf4b7c2f164f0bea6492,50.00,100.0000,1
973,0x4b8e054c55e9923478827eac1ce76fac2b20a364,50.00,100.0000,1
974,0xa63c756404ddd1f56468501f92bcc1b2dfe7f56b,50.00,100.0000,1
975,0x6475c6e12c3044d6e90c8456439c39a0f532274d,50.00,100.0000,1
976,0x8e76224d2318f7e296f80639593f48ad56010fd8,50.00,100.0000,1
977,0xaaba1637fd10552d7246915e0eca82bf9a59a110,50.00,100.0000,1
978,0xee9f6229c5aafe38110000cf41a5924bfd749487,50.00,100.0000,1
979,0xaa953930b868a5fe34de8b4533d55f48c0350c9b,50.00,100.0000,1
980,0x2cf554445ac11680637d6e740e2f80ecbe361c49,50.00,100.0000,1
981,0x98351959ecfeefb9570165bc5aeddce03dbcea8e,50.00,100.0000,1
982,0xce28cc46ae2fd88d50d5968dc443b8d44f58c603,50.00,100.0000,1
983,0x43177460f031b39fbf19bb01befbd9833e2948f2,50.00,100.0000,1
984,0x9281beca0fc867678dfbe593c137f1b845f61392,50.00,100.0000,1
985,0xfcca57f8b46e334f29275a1670b80f4826aa5934,50.00,100.0000,1
986,0x6313085f2a244a625ef229390fb4f85152ae5a6e,50.00,100.0000,1
987,0xe54b97b061ff324a9e4c390233b8cf092e419195,50.00,100.0000,1
988,0x5a038e104dee0fdd437ab4212905cfcb2e608691,50.00,100.0000,1
989,0x9e880d197eab5158143922cfaccd31206f631ca2,50.00,100.0000,1
990,0xc3500a735fcf12388c5a19fc0f3cc98cc0e8791f,50.00,100.0000,1
991,0x830b89f49e3db724a88e6141906d8d2b18a96198,50.00,100.0000,1
992,0x6f2cee169de4e8e10a8373e6bd857c046d8484d8,50.00,100.0000,1
993,0x172b0aff66fb0610d9b1ba14330b96d3c402abf4,50.00,100.0000,1
994,0xe79da8df8f785164af78a9e8b47aed8fe85b511e,50.00,100.0000,1
995,0x999f09515679dae660131aad90e28ed03805a052,50.00,100.0000,1
996,0x6c69efd1098d8b94ff51ebf2631942ea1134eb9c,50.00,100.0000,1
997,0xb7fae5187155eea960af424a2c070702981f1f5c,50.00,100.0000,1
998,0x096e9b1a59c4d5a66a782fdcad20aa1540215bb8,50.00,100.0000,1
999,0xd5eeb66d5532356f2453fafc61e31c2cb91babcf,50.00,100.0000,1
1000,0x19f61ad74cbf454948238222d0950e35b2498fbf,50.00,100.0000,1
1001,0xd3c6ffa8e10a387f0d6bb960b20fbde2d6355dae,50.00,100.0000,1
1002,0x90c95c09ed0d52a88ea59d8acdc3adfa4f74c155,50.00,100.0000,1
1003,0xd5a07e0ad30c7247477c08b43dc6e7f0e2b7186c,50.00,100.0000,1
1004,0x8b8049673f63f2cc06d8cc8f8e3041904f438e51,50.00,100.0000,1
1005,0xf9b0159672fd54acf4e279a5c848a3bf431321fc,50.00,100.0000,1
1006,0x0ea4a4b654cd77e9ea5b088633e6d5d5b4bbb720,50.00,100.0000,1
1007,0x7167654eb65e861119494dc7e8fc76d1f919ed6f,50.00,100.0000,1
1008,0x19fca93a39e13c69d63bb869760a5a43089f0b7e,50.00,100.0000,1
1009,0xf9a596588565266d83f8c40cb417ee46c0b2c4c6,50.00,100.0000,1
1010,0x2b615e937f7a9dc9068ce1db61a0eec09dd5c074,50.00,100.0000,1
1011,0x24f646f11554a2580b34ba0f331fcf0a9123eb78,50.00,100.0000,1
1012,0x0424b3cc93ac553d5831d32690f509edb1f455ba,50.00,100.0000,1
1013,0x74dc7a7250a10357fa858457726c2892f4bb3d6c,50.00,100.0000,1
1014,0x36d8642b4bdd047c694ae960429c714d187b29a8,50.00,100.0000,1
1015,0x30629b300a8aadfa12c69f369003af36da03d1a2,50.00,100.0000,1
1016,0x0645c5c9f2dd3b6a52702f83a51a3cab6ad7102d,50.00,100.0000,1
1017,0x67fba935e255a08ebf3727bee1b4eeba1326c3c7,50.00,100.0000,1
1018,0x5da67cf6ae090a37fc970832a45b52134bc1df0c,50.00,100.0000,1
1019,0xa40b5e73b3ac6f65963aa667675f14b2c73ba63f,50.00,100.0000,1
1020,0xe8365ce269fd1d49828459c51c0347597c0d1e63,50.00,100.0000,1
1021,0x5183dbd434f62f845bba54d2f501b106580f361a,50.00,100.0000,1
1022,0xda14648811af6610b50c51ebe4128e366a188b04,50.00,100.0000,1
1023,0x933105941df66f996a3045527b4d7782c02def42,50.00,100.0000,1
1024,0x0e55257efdc3fe33d94152ab488ddc334ba86a34,50.00,100.0000,1
1025,0x9a66ff13ec51778c9855157d922b1c3c54bd8d98,50.00,100.0000,1
1026,0xd65d6f5bac4288cd7db85698d09ea0e66dbf3c3a,50.00,100.0000,1
1027,0x4efd637f74aba3de436e40a654bae0432de6b9ec,50.00,100.0000,1
1028,0xe0745a69a0f065b9c0184324b10f46d1ebda7afb,50.00,100.0000,1
1029,0x1f9c8f8d986a82db0bdc86023a25e2a10a3cabba,50.00,100.0000,1
1030,0x79f30994e57942263415bf6a81cc2da4f40ce9bc,50.00,100.0000,1
1031,0x552d4b53c7f63e58bd09727f2a58047341cb346c,50.00,100.0000,1
1032,0xbda8f2420af9d55a9a4cc98666808b449e08c6b9,50.00,100.0000,1
1033,0xf010f1fddc8e9411efe4175e54acc6d5731d46bf,50.00,100.0000,1
1034,0xe34ca1cdf35ac268bf788a69ee62c931fc300fdb,50.00,100.0000,1
1035,0xb6a10c3f6492e5fefdc03909e1638fe3a8ce5c75,50.00,100.0000,1
1036,0x7becc31dc3ce21bbb204ec928db9b18b1426f183,50.00,100.0000,1
1037,0xf22f4fb30f3e1f918354371a8c8b758687b30421,50.00,100.0000,1
1038,0x7fc7151eb43f986b87e9db73239a81f2b621dde5,50.00,100.0000,1
1039,0x604c120059db3133cc401c35ad519c19aac710ce,50.00,100.0000,1
1040,0x482794724cfc363a73fda7c26ba50309c0caf7f9,50.00,100.0000,1
1041,0x05facd87392c203683fec1b459dc791075ad77a9,50.00,100.0000,1
1042,0xac923c231bb4f583908783c7ef00a64ed5fc55e1,50.00,100.0000,1
1043,0x8d4d08301c766dd375b3ec8a88bcb95d5a80bcd2,50.00,100.0000,1
1044,0x1fa4d249456530ebb208132282b59eb43fd61488,50.00,100.0000,1
1045,0xd851413ea29bd38616579ed2bc083dbf6f5041df,50.00,100.0000,1
1046,0xb0c29a5a6ce012729a8f0bfb7898bc53d202ed31,50.00,100.0000,1
1047,0x0f09c127347625f14b798ad3956c1077426c6be0,50.00,100.0000,1
1048,0x5c303bb07237ad95cdf7ab9ead0bcdbeff934743,50.00,100.0000,1
1049,0xe9a1b61878b59bf36bac0c539c0cf283db8e1e6c,50.00,100.0000,1
1050,0x6394a8706041d2f1e2cb0e3adf9946db435dec28,50.00,100.0000,1
1051,0xd2e4dc2fa8b8f2b6f1bb5345e78bbd6585e1fd8c,50.00,100.0000,1
1052,0xbbe6ce8f9c6feb4d696838432ecbd17fae5218fa,50.00,100.0000,1
1053,0x0bcd058048f6711d91c951b68ca5d2627a5e9e22,50.00,100.0000,1
1054,0x2a3aea087550251ef8562c069265f5d293fae141,50.00,100.0000,1
1055,0x24db322450fc1653079ebeaad89e98b19bc43fc4,50.00,100.0000,1
1056,0x6973ad39b022f425b5f88e42f027698354f81cca,50.00,100.0000,1
1057,0x9662992562dcd487254b8396b540f84d06788568,50.00,100.0000,1
1058,0x7238eaf7c01c159f272be7bb2b4d5dc5aa0e39b5,50.00,100.0000,1
1059,0x9378e817b96c7f67856e4c280b62fe7fcf056292,50.00,100.0000,1
1060,0x495a868cdc4e57e1bc17b4a712f02b2bae3f223f,50.00,100.0000,1
1061,0xaa4d3862ea0a72d83d6399d6700fca1952d8e64d,50.00,100.0000,1
1062,0xc4e081ecb17fc4ead659c3b47de49a5070f5cc65,50.00,100.0000,1
1063,0x181259be8173ba87ba335375bcd490337cf12312,50.00,100.0000,1
1064,0x565a2145aceac18c7e6be80328349ac42f548cfb,50.00,100.0000,1
1065,0x1cdfa3e850c51f9e3d0ecb69d312b429562fdc20,50.00,100.0000,1
1066,0x3b6ca62f1d7c014d069edb432f6c7bbd67abb1e9,50.00,100.0000,1
1067,0x23442ccea2e92c24ea70369601a6305cb6569cc8,50.00,100.0000,1
1068,0xea58efb93a50db38e491b51fc624ae6c7b9139ae,50.00,100.0000,1
1069,0x681c18fd07576dda3f7649b9466f63f733d4b1b9,50.00,100.0000,1
1070,0x4cdd91c158d9ce405190d322c3b6213b09f803f7,50.00,100.0000,1
1071,0x8dc6bad44e4626fe582f50af058a3f0557fce83e,50.00,100.0000,1
1072,0x969954e7190905cb2e531c3926e113a26d5a5aab,50.00,100.0000,1
1073,0x9d1884e9bea16d3928121d406f55f16f652c990b,50.00,100.0000,1
1074,0x290686dccc9a566a3f2e0ce822998b19a4756b71,50.00,100.0000,1
1075,0xc73c1fafecea21f5131b62f3b192a7ff3a5339e3,50.00,100.0000,1
1076,0x9c575cc880da8409fdbe2b1e97230a6577965eed,50.00,100.0000,1
1077,0x9d49cca381431a428169690ec8aa4cf48abb7055,50.00,100.0000,1
1078,0x08e9af0e73785aa541ff53d10bccc2660e566b58,50.00,100.0000,1
1079,0xb9c85eb32cd37947bb44544287fe6788ae1943e1,50.00,100.0000,1
1080,0xa5e29c80bab2474a8f9273c30bb8be4401cfa921,50.00,100.0000,1
1081,0xc99b5ce78c65307afd76284ece7a365d312d96c6,50.00,100.0000,1
1082,0x56519505d35122fa43ff1af54a0d5f66e3efe89b,50.00,100.0000,1
1083,0x757106bdd695d3d6374e3222bf72eb7370d3587c,50.00,100.0000,1
1084,0x3a8c6870c07d7344521d63e11b43b62a35433350,50.00,100.0000,1
1085,0x308c1266a461337ea95656fa45976dc133beba43,50.00,100.0000,1
1086,0x9a189a784f48ef656e6102d83d2b01ac2291222b,50.00,100.0000,1
1087,0x1be3cc72471f2a92c33d13bde3f7681f2c849788,50.00,100.0000,1
1088,0x31470c0a29f26634cddc5947539ba4912836856c,50.00,100.0000,1
1089,0x30a1d966e4c30fc07a972a8d0261925fea0d6f07,50.00,100.0000,1
1090,0x1e33131ebf57e8d65f221280ba0fe5cf9e1f30fe,50.00,100.0000,1
1091,0x637f879a4625f067824f95d7d5a5b4e771b771af,50.00,100.0000,1
1092,0x7f26fdb3ddeb8c3868da3d52af0300ffd97f6987,50.00,100.0000,1
1093,0x1095ac56d0e2b579ed8935e610a94b9c5249f525,50.00,100.0000,1
1094,0x71877cba63c96f8ad3be3495b9d597f317c09e2f,50.00,100.0000,1
1095,0xd789977de408e7325a757b31e49cf4c6e3add3e8,50.00,100.0000,1