地址,推荐人,直推人数,团队人数,等级,收益比例,是否激活
0x2d68a5850a4805c6fe6648e5870b68456e2a7c82,0x8eFb0848a6De28ddd290224DC2Dd87174a0e29F1,5,50770,V8,40%,true
0x4544c0cf9d62d3bb441c04a5f31c1ba0e432d37e,0x0435aFf9777DafBd0552B54951501D3169A02062,7,804,V4,20%,true
0xc418c1287c62cde6b8434e88e33f8d4feecf5e95,0xC26731f7b6521B9ddF58B2Ef3F70658Dc28A5513,3,543,V4,20%,true
0x468f8c39ef1db73fe6ecc311b10e1828875273f3,0x6BA8221531a30EF41260367fDe92a034c178Bb2b,3,467,V4,20%,true
0xab75927c641a4545dc52b9c02562fde3d09a9b1d,0x6AE9AE7EA9001EcC25fC7EA68b037e529bF938ae,3,193,V3,15%,true
0xdc564fafedc96b530c38932ec56e1d47fc8add65,0x3E436e9ef8A44cb65b00FcEFe4Ac1952384Ed21e,6,180,V3,15%,true
0xf7f556041fa301f6974b713976b5f7fe1faf1817,0x52c6b0C5b19E382ADB37df9E3AE882fE49dD91c1,3,123,V3,15%,true
0x72a48b013bf4e18a6acf59910875f601b68bf049,0x16534F0Dae6602c8E20d25000F9691C9b7A68462,3,48,V2,10%,true
0x293ba423b0a4bf19805ad25fb0425aa168753737,0x4544c0CF9d62D3bB441c04A5F31C1ba0E432d37e,3,38,V2,10%,true
0x652bc83f169985720624f788715f7c61f0d75d8e,0x9CE5993df85D95Dd9B8761bB6f5B4827134E2a36,11,31,V2,10%,true
0x06ecae17b8dccc69761dc99d915671402d9e2b2e,0x038A9aa1f6263158E195caD9992F1A1711D255D6,3,30,V2,10%,true
0xe0b778b92fde9d16c1923575f36f00a48b8729fa,0x0FB2eE2a95Fca69Dbf7F8fd30057efDe0567B6bA,3,30,V2,10%,true
0x9a6ebb123af63c8e8c41dcf7d42f4f85ab1d9a2f,0x48c5aa01959025CDCE2Eb742196dc210aB4578fD,3,30,V2,10%,true
0x1c21307dd347b54cfc3754fa772e26584efab009,0x06eCAE17B8DCcc69761DC99d915671402D9e2b2e,3,27,V1,5%,true
0x3fccb9de0fed6570577038949f07b00f17753f9e,0xe0B778B92FDe9D16C1923575F36f00a48B8729fA,3,27,V1,5%,true
0xabc3fc596893107038a380df4d66170455e1d3a6,0x9a6ebb123af63c8E8c41dCF7d42F4f85AB1d9A2F,2,27,V1,5%,true
0x687544867e29166ba00845f3a1c546a02b9eac7e,0xAbC3FC596893107038A380Df4d66170455e1D3A6,3,25,V1,5%,true
0x6cd2404b1ff590b2d1dbacca4a25946d26c29c11,0x1c21307Dd347B54CFc3754Fa772E26584eFAb009,3,24,V1,5%,true
0xc6c11c788b3bcd7b34024e61e073b7d897205ca0,0x3FCCB9dE0fEd6570577038949F07B00F17753f9e,3,24,V1,5%,true
0x9d8a509ce41b6bc9831eeffe9674a4aeb66dbce6,0x48c5aa01959025CDCE2Eb742196dc210aB4578fD,3,22,V1,5%,true
0xea55e18bcabee923403b28c45067b48a4355ab37,0x687544867E29166bA00845f3a1C546a02b9EAC7e,3,22,V1,5%,true
0x58cb18e72e6f6f7c7f8ae7bc95886a9146584aa4,0x757106bDD695d3d6374E3222bF72eb7370d3587c,1,21,V1,5%,true
0xbe199542c2731cbae4c0b03cfe866eea7710a8da,0x6Cd2404b1Ff590B2D1dbAcCA4A25946d26c29C11,3,21,V1,5%,true
0xe58e95b4be4af2355fef66cea73aa36f595f0473,0xC6C11c788B3bCd7b34024e61e073B7D897205Ca0,20,21,V1,5%,true
0xfc414d882ffb6eb900b5a93a565d95dba712eb6b,0x58CB18e72E6f6F7c7f8aE7bc95886a9146584Aa4,2,20,V1,5%,true
0x141cd850c0ba483a353c5dcc0b7cfc287c532f3a,0x52a06E7Fc6a1234A776fE9844E5dAae74f599F7c,1,20,V1,5%,true
0x6bd09d7307ba795379a022e7253067c254ff317d,0x9D8A509Ce41b6bc9831eEFFE9674A4AEb66DBce6,2,19,V1,5%,true
0x44c31b947a2187489dddd41606cb9d0575db9108,0xea55E18bcabEE923403B28C45067B48A4355AB37,8,19,V1,5%,true
0x2c004d559bdd3a82a61dbca49ccb286228592d4a,0xBE199542C2731cBae4C0b03Cfe866EeA7710A8dA,18,18,V1,5%,true
0xeef4cffaa8639ca7e5355ebd32ad28d5b7f884f2,0xfc414d882ffb6EB900B5a93A565d95dBa712EB6B,2,18,V1,5%,true
0xaa9e900dab15c5fd862866ea51d4c75e1afb6d4a,0x141cd850C0BA483a353c5DCC0B7CFc287c532f3A,1,18,V1,5%,true
0x6172e49bddd1a3d01beefda495ba30f296eac088,0x0FB2eE2a95Fca69Dbf7F8fd30057efDe0567B6bA,3,17,V1,5%,true
0x06d9bbd166d02c47502990849584a649ffecbb9b,0xAA9e900dAB15C5fd862866ea51d4C75e1AFB6d4A,1,17,V1,5%,true
0xfc29c16f239c773fb2fd55383bb1b7c50ec4efce,0x6BD09d7307BA795379a022E7253067C254ff317D,3,17,V1,5%,true
0x523650ce5cb593dad8f38a8009f824b0a816a996,0x06d9bbD166d02C47502990849584a649FFECbB9B,1,16,V1,5%,true
0xb9e6ca71c3e17f910debd5cd28d42bf81417350e,0xf86444B8EC7743E51681DE14A3586Fb78e671225,3,15,V1,5%,true
0x751e41ee3fd849fa76b544f6314d0a1972bb243c,0x523650cE5Cb593DAD8F38a8009F824B0A816a996,2,15,V1,5%,true
0xe37bf47647edd03b9369cd93830a96adf4f73c3b,0x2CF554445AC11680637D6e740E2F80ecBe361C49,3,15,V1,5%,true
0x37b30e0d978ee1d7cbee318f2d2c7a37f570a0ec,0x6172e49bDDD1a3d01beEFda495Ba30f296eac088,1,14,V1,5%,true
0xf16362af417dfe06df69f76fbebf271d5fcf90c9,0xeeF4CffAA8639Ca7E5355Ebd32aD28D5b7f884F2,2,14,V1,5%,true
0xe3b5ef7f753371edffb91b804181b26b86397bed,0xFC29c16f239C773fB2fD55383bb1b7C50ec4eFCE,3,14,V1,5%,true
0x05ea4a9ef769627e5760126cbf0fc1fb4ca70023,0x37B30e0D978EE1D7CbeE318f2D2C7A37f570a0Ec,1,13,V1,5%,true
0x11136abe2a1800ed460b1e061bf35aa6a2ee1b45,0xE9A1b61878B59BF36Bac0C539C0cf283dB8E1E6C,1,13,V1,5%,true
0x019c679619064d736f27c4a7831fa67de81e4cc9,0xF90292A05d67174E4C40E3454e80f501F9708aBF,1,13,V1,5%,true
0xa27b196326914eb7227a66343a0409545beeb6c7,0xb9e6Ca71C3E17f910DebD5cd28D42bF81417350e,3,12,V1,5%,true
0xd31f153ecd786c2d80a2e572af12938290784a4d,0x05eA4a9Ef769627e5760126CBf0FC1Fb4Ca70023,1,12,V1,5%,true
0x1cf3d8090014e563e47d2e3989402790c95280dc,0x11136ABE2a1800ed460b1e061BF35aA6a2eE1B45,1,12,V1,5%,true
0x4072fb2f4d536ced9d1a2ee1a930e2d2d95889b1,0x019c679619064d736F27c4A7831fa67DE81E4Cc9,2,12,V1,5%,true
0xe16ba15091674a02c7aceb1a8e7dfc3ad984e3df,0xf16362AF417DfE06Df69f76fBEbF271d5Fcf90c9,3,12,V1,5%,true
0x094e983b87e83cf211f3ced674cfa9d8cc129f19,0x751e41eE3Fd849Fa76B544f6314D0a1972bb243c,2,12,V1,5%,true
0xa0d2e19f2ff70270c4617e670568721484ed89a1,0xD181B57BBB28fa993baE94A927C05cC00238f537,1,11,V1,5%,true
0x89ad2a17bbe7576750fd7541c0d6e613f1c5aade,0xd31F153ECD786c2D80A2E572AF12938290784A4D,1,11,V1,5%,true
0xc761e4e6dbbb84d0ca956e0c5ffeb037fffed46c,0x1CF3d8090014E563e47d2e3989402790C95280Dc,11,11,V1,5%,true
0xe5e9a2a9fcab62576c9b8bdeea559e10fbd437a3,0xdc564fAFEDc96b530C38932Ec56e1D47FC8adD65,3,11,V1,5%,true
0x0ff9120a3d1260b35668a0a04aba76c5be41a016,0xA0D2E19f2fF70270c4617E670568721484eD89A1,1,10,V1,5%,true
0x8e430fe2457f10ca58fab9e0ea4f11f9c92b3d89,0x652Bc83f169985720624F788715F7C61F0D75D8E,10,10,V1,5%,true
0x55543459d33cd0999d2ea1bccf49d7447afc2531,0x652Bc83f169985720624F788715F7C61F0D75D8E,10,10,V1,5%,true
0x051497c52c7ebf039de013d57631c779c453cb48,0x89aD2a17bbe7576750fD7541c0d6E613f1c5aaDe,3,10,V1,5%,true
0xc837a2564c66d6137af753a257a36a409a716866,0x4072Fb2F4d536CED9d1a2ee1A930E2d2D95889b1,10,10,V1,5%,true
0xb085492bce2e7fcf77d888b16b2669b778da416b,0x3b9e445fe0dB166dffFEf06B0DCE10afF2B3249f,3,10,V1,5%,true
0x1ee9fbe59498f08aaf4e4b285cf5b8db25f52722,0xE37Bf47647edd03b9369Cd93830A96ADf4f73C3B,5,10,V1,5%,true
0xc345afe3d28824f46cf45cf4bd55023755691f3b,0x0fF9120A3d1260B35668a0a04aBa76c5bE41a016,1,9,V0,0%,true
0xc24df06f9fd0360b8974106d9ef1f9aed7075534,0xa27B196326914Eb7227a66343a0409545bEeb6c7,3,9,V0,0%,true
0xf5283f2afd71bc976ffb7b198d1367758fe4703c,0xe16ba15091674A02C7Aceb1a8E7dfc3ad984E3DF,3,9,V0,0%,true
0x9b1162c09462d070dd74295eb2295ab9358573ae,0xc345afE3D28824F46cF45cF4bD55023755691F3B,1,8,V0,0%,true
0x64bb0fe34f789d1d425e09087184dead5a767381,0xE3B5EF7F753371eDFfb91b804181b26b86397BEd,3,8,V0,0%,true
0xd4cb708db5e2b86896354334f478c96e64bfbf67,0x9b1162c09462D070dD74295eB2295Ab9358573aE,1,7,V0,0%,true
0xf87f508a11eda9df5220a1f1a88bf628127b2d0e,0x051497C52c7eBf039DE013d57631c779C453cB48,3,7,V0,0%,true
0x18edec3599f1e2c696f05885312ecc3fb13829a7,0xBeA3A294eEBb5fb2B159511FDC73e576A88C2892,2,7,V0,0%,true
0xa788172d414995c02c5d94d95c2cf86ef8cb9a47,0xB085492bCE2e7FCf77d888B16B2669B778dA416b,3,7,V0,0%,true
0xcdef18e4945482b597c2037f867814a76964dc29,0x44029bC1eE87EDC79CA1734597f709323e1f5d43,3,7,V0,0%,true
0x47f88ddbc799badd3c228e9f200711d8fb77fcb4,0x44C31b947a2187489DDDD41606CB9D0575db9108,3,7,V0,0%,true
0x34c21daee7dbf01b0ec90f4aaa344c9830d70c0e,0xd4cB708Db5E2b86896354334f478c96E64BfBF67,1,6,V0,0%,true
0xb0b872d74fdc6a87a6e8dbb50586f5dc0fb6b26f,0xc24dF06f9Fd0360B8974106d9EF1F9aED7075534,1,6,V0,0%,true
0x033350057b58e1204be2b51ca4581b1bdfb51f6e,0xD789977de408e7325a757B31E49cf4C6E3ADD3e8,1,6,V0,0%,true
0x4fd82fb7413db9c3501ff97e11605e9fd91b8502,0xf5283F2AFd71bC976fFb7B198D1367758fE4703c,1,6,V0,0%,true
0x83e4b681e8b00fda3e33aa0a69fb18749d407a9f,0x094e983B87e83Cf211f3ceD674CfA9D8cc129F19,1,6,V0,0%,true
0x9206a35cd56933f8e630be69fc656435a191bb60,0x34c21dAEe7DbF01b0Ec90f4aaA344C9830d70C0E,1,5,V0,0%,true
0x325e2388647717cc84338eeaef614dc1022c9a10,0xb0b872d74fdC6A87A6e8DbB50586f5Dc0fb6B26f,1,5,V0,0%,true
0x0675e0055850e179b45f516990c519015f4471d0,0x4fD82FB7413Db9c3501ff97e11605E9FD91b8502,1,5,V0,0%,true
0x08fe52d30797b4c4fc6dd50345cb24aeb9646bcc,0x64BB0Fe34f789d1d425e09087184dEad5a767381,3,5,V0,0%,true
0xd267bf189bde9925fd432071be616804ba10976e,0x9206a35Cd56933F8E630be69FC656435a191bB60,4,4,V0,0%,true
0x524d7f42fe0f38fcbb4c4afb6613644cd3928864,0xF87F508A11Eda9DF5220a1F1a88bf628127B2d0e,3,4,V0,0%,true
0xea64c9fd4ac091a033d1d37fbea58c552c091def,0x18edec3599F1e2c696f05885312ecc3Fb13829A7,2,4,V0,0%,true
0x8d74fe21ec67c1cf7e3de2a5cdf06ab8ea809d01,0x325E2388647717Cc84338EeAef614dC1022C9A10,1,4,V0,0%,true
0x21fd8e6f405e4290802b7b2d7a84352e37f197b8,0xA788172d414995C02C5d94d95c2Cf86ef8Cb9a47,4,4,V0,0%,true
0xf62acf7daedf92edc17b56c9399f582bee31539e,0x5a5c3D07b30F7Cdd39130A0f2377784B6D4576cD,2,4,V0,0%,true
0x2a3a608719137fb18c9a21482004ad0a26505f44,0xCDEF18E4945482b597c2037f867814A76964Dc29,4,4,V0,0%,true
0xcd19280457f076d237592f199fc6f35e48c3af0d,0x47f88ddbc799baDD3c228E9F200711d8fb77fcB4,1,4,V0,0%,true
0x72ccdf7811c424b80e1e9a196019c4cf07b9b95f,0xd2b0C11DDc14355bf4564b32cC8fFDfB64121f74,1,4,V0,0%,true
0x1dfe4b36752a369a6318ee325b9d3bac2397a2ec,0x033350057B58e1204BE2B51CA4581b1bdFb51F6e,1,3,V0,0%,true
0x541885978434854baa6b155923f3908183144161,0x8D74FE21ec67c1Cf7e3DE2a5cDF06ab8Ea809d01,1,3,V0,0%,true
0xf9934902a91c0fb9b51d77207407644307057273,0xE3B5EF7F753371eDFfb91b804181b26b86397BEd,3,3,V0,0%,true
0x4f57dbe1e37fd13fea697f5c6d71056637fb5530,0xe5e9A2A9FCab62576C9b8bDEEA559E10FBD437A3,3,3,V0,0%,true
0xfc05448cd507ad65f0d9d3814a70ef3298b03e35,0xe5e9A2A9FCab62576C9b8bDEEA559E10FBD437A3,3,3,V0,0%,true
0x20a18b1423c61b49138064340b180e6e9993488a,0xEE467D6FF96059E3B84E2dd2faF69646211C94d5,3,3,V0,0%,true
0x056f617d93e7f8865dcb6e075aa7cb49b837927c,0x44C31b947a2187489DDDD41606CB9D0575db9108,3,3,V0,0%,true
0x9b44d784e84a7d0a3ad79a30c1a2e64895568f89,0xCD19280457F076d237592F199fc6F35e48C3aF0d,3,3,V0,0%,true
0x2f9c0222e0021b5c3fe58a3e498aa11ffd4a46a7,0x1dFE4b36752A369a6318EE325b9d3bAc2397A2eC,1,2,V0,0%,true
0xe038eb3c04b59b8c5340e56def24099e78903eeb,0x1Ee9FBe59498F08aAF4E4B285cF5b8DB25f52722,2,2,V0,0%,true
0x27751b19fd96984cde331c0ed7716de6eb542c89,0x604C120059DB3133cC401c35Ad519c19aaC710CE,1,2,V0,0%,true
0x8667dfef4dcd16e617ed6a3b0b75b70551351537,0x541885978434854BAA6B155923F3908183144161,1,2,V0,0%,true
0x64b0b66e7ad150c5e314afd84e8de37ff9aac64e,0x83E4B681E8b00FDa3E33AA0a69Fb18749D407a9f,0,2,V0,0%,true
0x144cb4e8ea50acac2720bbc288142d5c88274a7d,0xF62acF7daEdF92edC17B56C9399F582BeE31539E,1,2,V0,0%,true
0x959c98816c44471fb63b304087ef75eb907d3d15,0x72cCdF7811c424B80E1E9A196019C4cf07B9B95f,1,2,V0,0%,true
0xdfbe2eb56c7a0f8be1e492a0f3bb89879c245cf7,0xb7c2211cF93574408B4aCEF7AD5C8aCe9a9bcDDa,1,2,V0,0%,true
0xc29c41fce51f19ef51e86cfec209789073e16512,0xe5e9A2A9FCab62576C9b8bDEEA559E10FBD437A3,1,2,V0,0%,true
0x8c5201be36a68af3639a283116699d548845a2dd,0x7590e5C8857Ca7aA6Cddc09d2C84F80eFCcC865f,2,2,V0,0%,true
0x5a348eab9d30b6053d51c4e5483d5ae6539d6bd4,0x08fe52D30797b4c4fc6DD50345Cb24AEB9646bcc,2,2,V0,0%,true
0x65c43a00c2f5626a5f1ca9fc690dd60e01e78bf1,0xB3FCDe0cb5e17e97EC8E23E27E5d6cE809aC57a6,0,2,V0,0%,true
0x1d8c1e45937f39ffb16601e4fef1b9a9ed3cb84d,0x094e983B87e83Cf211f3ceD674CfA9D8cc129F19,1,2,V0,0%,true
0xafd33fb14af97cdf283eb01d9b1a5d7d45f8549a,0x0675E0055850e179B45f516990C519015F4471D0,1,2,V0,0%,true
0xf7419bb748d9759034794542c954b37c02918d28,0x094e983B87e83Cf211f3ceD674CfA9D8cc129F19,0,2,V0,0%,false
0xde74c4b54d6935cabcd99b403e9596bc3550eb8f,0xf86444B8EC7743E51681DE14A3586Fb78e671225,1,1,V0,0%,true
0x0371e1a37263706ddc3813d388dc801e0eb2b422,0x2f9c0222e0021B5C3FE58a3e498aa11Ffd4A46a7,1,1,V0,0%,true
0x480c436a0a1028a22ea44562b0d89477cf30641d,0x524D7F42FE0f38FCbb4c4aFb6613644CD3928864,1,1,V0,0%,true
0x6d507377836af36a06eb8f7bb4e3ee08899decd7,0x1Ee9FBe59498F08aAF4E4B285cF5b8DB25f52722,1,1,V0,0%,true
0xc6acd32c7b72e4264830879eb9be5eddd303d444,0x0675E0055850e179B45f516990C519015F4471D0,0,1,V0,0%,false
0xc46981db6105d6659f4c2b98c6347c8cd28062fc,0x27751b19fD96984cde331C0ed7716DE6eb542C89,1,1,V0,0%,true
0x4b849a5f11e23ad7d0665168157c27788d695366,0x8667dFEF4dCD16E617ED6a3b0B75B70551351537,1,1,V0,0%,true
0xca24ed3fe79049052c6a2ffbad804a8ce899eca5,0x4544c0CF9d62D3bB441c04A5F31C1ba0E432d37e,0,1,V0,0%,false
0x25ea80609595aa0eb1cd156e0bd059fcb2c29359,0x144cB4e8EA50acac2720BBc288142d5C88274a7d,1,1,V0,0%,true
0xa7e07b87a121b07237c91377b6617a5c326fb60c,0xdfBe2Eb56C7A0F8Be1E492A0F3bB89879C245cf7,1,1,V0,0%,true
0x6515e1f244eb974beb91358827a4c524b056de80,0x959c98816c44471Fb63B304087EF75eb907d3d15,1,1,V0,0%,true
0x90070eb60a6e7dcbe9ea282e0a5c97b3bb1ebf7b,0x64B0B66E7aD150C5e314aFd84e8DE37Ff9aAC64e,0,1,V0,0%,false
0xee740c8f5b52455cfe81e50bc487a7cef7650a9a,0x18edec3599F1e2c696f05885312ecc3Fb13829A7,1,1,V0,0%,true
0x3dc9c0b161651b8b90c216f9b7f64c9ff2372b6a,0x1d8C1E45937f39FFB16601E4feF1b9A9eD3Cb84D,0,1,V0,0%,true
0x7d5f5bd22173078a685d3d00a01d4526ef10e9fc,0xAfD33fB14AF97Cdf283Eb01d9B1A5D7d45f8549A,1,1,V0,0%,true
0x15eac1c276e3d229579ed10b199016ad796a4c91,0xB3FCDe0cb5e17e97EC8E23E27E5d6cE809aC57a6,0,1,V0,0%,true
0xe4c1552d05aafb640bf37f443c918b642d2931c9,0x44C31b947a2187489DDDD41606CB9D0575db9108,1,1,V0,0%,true
0x3f431ea7d1a9c680e794a9f588eb81e9e6007886,0x0e614b14072f8Bb818DEDA1154C190Ee74DA3CE9,0,0,V0,0%,false
0x4112bf0a90a532ccf918971123ea29e805d90999,0xfc414d882ffb6EB900B5a93A565d95dBa712EB6B,0,0,V0,0%,true
0x686cc8b83e4a69bed383e6b1aa22e2113471229e,0xD267bf189BDE9925fD432071bE616804bA10976e,0,0,V0,0%,true
0x54b7302853b7b9ebb699f3a2dd761541775304a4,0xD267bf189BDE9925fD432071bE616804bA10976e,0,0,V0,0%,true
0x6e77b89e5342a43055dcee528dc3475765498cfa,0xD267bf189BDE9925fD432071bE616804bA10976e,0,0,V0,0%,true
0xb1d794bf280aaf0c78b1daa5c7b078032975c54c,0xD267bf189BDE9925fD432071bE616804bA10976e,0,0,V0,0%,true
0x2cda4a8cf28be809556eeccbed4682e2dc3b1559,0xf86444B8EC7743E51681DE14A3586Fb78e671225,0,0,V0,0%,true
0x47293fa1b61f950308294124833cf5a160698b17,0xb9e6Ca71C3E17f910DebD5cd28D42bF81417350e,0,0,V0,0%,true
0xe2593ecd3ee979a66de5a7310d73a09e81726eac,0xb8166273A3Fc27266dE814891D78d7ABeC4e53A0,0,0,V0,0%,true
0x1d8e502dcc4033298263f3cbbea8c08f8f97fe43,0x3884A13324844299d0C7b3d904843b0CeE45b1f8,0,0,V0,0%,true
0xdb6bbad3380e6abb6b5f2ff18c0877a33e234fd1,0x3884A13324844299d0C7b3d904843b0CeE45b1f8,0,0,V0,0%,true
0x1c1e5a92ea68c947b9ce6f8949cdee30769c1102,0xe138D678Ce0bA85f3FF79Bf81a6113392707703d,0,0,V0,0%,true
0x4474740f7437944536eb41440fdce053e8e64568,0xe138D678Ce0bA85f3FF79Bf81a6113392707703d,0,0,V0,0%,true
0xf90ab91b6c87e86863745c48c2594d82f3965e0f,0x475C19d4461499ba8583a07AD0987503F4EEe881,0,0,V0,0%,true
0x4b754285474e6e0e99593aed730f77a7250d67c1,0x475C19d4461499ba8583a07AD0987503F4EEe881,0,0,V0,0%,true
0x6d96f62deba0a529a6c8e6a49f9401c241621da7,0x8E430fe2457f10cA58faB9E0Ea4F11f9c92b3d89,0,0,V0,0%,true
0x4d0527d6f52b40bd2044c44bd71cc6cf5a58c601,0x8E430fe2457f10cA58faB9E0Ea4F11f9c92b3d89,0,0,V0,0%,true
0x58901dc24be057e427f5f1d04f8b59901546210f,0x8E430fe2457f10cA58faB9E0Ea4F11f9c92b3d89,0,0,V0,0%,true
0x541a594b91feec4f7d2005a6915d88481c3390f1,0x8E430fe2457f10cA58faB9E0Ea4F11f9c92b3d89,0,0,V0,0%,true
0x56014f48c48f66d88b1c02235145ac72a243793b,0x8E430fe2457f10cA58faB9E0Ea4F11f9c92b3d89,0,0,V0,0%,true
0xe84fa603701d2a588a33bb0b35db9eaddbd8ee33,0x8E430fe2457f10cA58faB9E0Ea4F11f9c92b3d89,0,0,V0,0%,true
0x75e1a5b3917dd78345829e902da175776d729083,0x8E430fe2457f10cA58faB9E0Ea4F11f9c92b3d89,0,0,V0,0%,true
0xb48855b9df3eb45af0f1a5131840c8d66e99b82b,0x8E430fe2457f10cA58faB9E0Ea4F11f9c92b3d89,0,0,V0,0%,true
0x8894cf0d943c330c508ad936d991b987b1a76df8,0x8E430fe2457f10cA58faB9E0Ea4F11f9c92b3d89,0,0,V0,0%,true
0x4bf2935d2e93dea7e0d08972f3249cdda7a5bb97,0x55543459D33CD0999D2Ea1bcCF49d7447Afc2531,0,0,V0,0%,true
0x6d6b934a62190dd25b2409146e477385f770a038,0x8E430fe2457f10cA58faB9E0Ea4F11f9c92b3d89,0,0,V0,0%,true
0xfe3616bb3530b4a6beeac55234b8e2d258685011,0x55543459D33CD0999D2Ea1bcCF49d7447Afc2531,0,0,V0,0%,true
0x0d3fa490be51f8d7bf2082d85947225f6b887143,0x55543459D33CD0999D2Ea1bcCF49d7447Afc2531,0,0,V0,0%,true
0x5f979dbc5cb1d43e1a54d2556fae7c65e325fc56,0x55543459D33CD0999D2Ea1bcCF49d7447Afc2531,0,0,V0,0%,true
0xad9cf9db3ce7746b3fe1db93bf9eac6226728eab,0x55543459D33CD0999D2Ea1bcCF49d7447Afc2531,0,0,V0,0%,true
0x085e4e31c34c274e77d9038f72bc5c6ca8187605,0x55543459D33CD0999D2Ea1bcCF49d7447Afc2531,0,0,V0,0%,true
0xda92b9c6cda2a2248fb325be30cb74825d6d4672,0x55543459D33CD0999D2Ea1bcCF49d7447Afc2531,0,0,V0,0%,true
0x3babcb89a89a8445c01372f96f0d1992ed32831a,0x55543459D33CD0999D2Ea1bcCF49d7447Afc2531,0,0,V0,0%,true
0xab98261f5771b601d930b91f41a98bdba3276c67,0x55543459D33CD0999D2Ea1bcCF49d7447Afc2531,0,0,V0,0%,true
0x2643266f1bcba4a6ed64428a3e59bf1f54ff0371,0x55543459D33CD0999D2Ea1bcCF49d7447Afc2531,0,0,V0,0%,true
0x07885bc993543d6551ab257259b06f5455eec4d0,0x7590e5C8857Ca7aA6Cddc09d2C84F80eFCcC865f,0,0,V0,0%,true
0x9219c5efdced68e2769c244bb2c0eb59e64ae92d,0x7590e5C8857Ca7aA6Cddc09d2C84F80eFCcC865f,0,0,V0,0%,true
0x4c2a06c2acc8d6089f7b780adb041fc74709340f,0x06eCAE17B8DCcc69761DC99d915671402D9e2b2e,0,0,V0,0%,true
0x857622b16132480280d2c149872436ed5ecf0d0c,0x06eCAE17B8DCcc69761DC99d915671402D9e2b2e,0,0,V0,0%,true
0x6df1e3ee6682024c1994591e855c9d51873a0d18,0x1c21307Dd347B54CFc3754Fa772E26584eFAb009,0,0,V0,0%,true
0xd927fa17afff381b7e86ace0936b20330d31efd4,0x1c21307Dd347B54CFc3754Fa772E26584eFAb009,0,0,V0,0%,true
0x0f268150af0593301a1ca6c3e7ad69b7ecde3cda,0x6Cd2404b1Ff590B2D1dbAcCA4A25946d26c29C11,0,0,V0,0%,true
0xc96082d349cea3c1b7fcae830482398cf639e142,0x6Cd2404b1Ff590B2D1dbAcCA4A25946d26c29C11,0,0,V0,0%,true
0xa12f48c7bd97fe01e2278b5f5830056494893e09,0xBE199542C2731cBae4C0b03Cfe866EeA7710A8dA,0,0,V0,0%,true
0x5cf66c3562f16fa1a7d2450a99db1a39d7b81a45,0xBE199542C2731cBae4C0b03Cfe866EeA7710A8dA,0,0,V0,0%,true
0xcf9d43ebfd7274c784f342d1b50828c743961394,0x2C004D559Bdd3A82a61DBcA49Ccb286228592D4a,0,0,V0,0%,true
0xb15e0ff2f75944caf61b61c67249eb1b960ae089,0x2C004D559Bdd3A82a61DBcA49Ccb286228592D4a,0,0,V0,0%,true
0x6dba5cc767476e07ae90b039b1a885b9c8b13b3d,0x2C004D559Bdd3A82a61DBcA49Ccb286228592D4a,0,0,V0,0%,true
0x2809946182a52dec5b7e11386f9fb83a748fab30,0x2C004D559Bdd3A82a61DBcA49Ccb286228592D4a,0,0,V0,0%,true
0x98c26a06e0725d292242e887491b824a510e39b9,0x2C004D559Bdd3A82a61DBcA49Ccb286228592D4a,0,0,V0,0%,true
0xaa4cc145f1c0016ef4caa0d1826f92fc4cb1de60,0x2C004D559Bdd3A82a61DBcA49Ccb286228592D4a,0,0,V0,0%,true
0x52a378688c457b91a30f9788aa92ca4294d14c93,0x2C004D559Bdd3A82a61DBcA49Ccb286228592D4a,0,0,V0,0%,true
0x3aebaaf5e9d423e569aad72400186f825fda7bc5,0x2C004D559Bdd3A82a61DBcA49Ccb286228592D4a,0,0,V0,0%,true
0x02c6d45d3148cb1df56921a3d5050c726e408bed,0x2C004D559Bdd3A82a61DBcA49Ccb286228592D4a,0,0,V0,0%,true
0xd63af6bd8deaf487ae3a50a1621a49ad2e6cd6d2,0x2C004D559Bdd3A82a61DBcA49Ccb286228592D4a,0,0,V0,0%,true
0x1ef2f37bc496b4d03968cc5311a7b7d1b17935b9,0x2C004D559Bdd3A82a61DBcA49Ccb286228592D4a,0,0,V0,0%,true
0xc16f2a6c82fa8d827100ee6f87af70087001c0f8,0x2C004D559Bdd3A82a61DBcA49Ccb286228592D4a,0,0,V0,0%,true
0xc64dc2d084e46a815edc141fd8c6c34b70b4fd0a,0x2C004D559Bdd3A82a61DBcA49Ccb286228592D4a,0,0,V0,0%,true
0xcdfe15cb7606ecf60b3530dffb961d639afa3739,0x2C004D559Bdd3A82a61DBcA49Ccb286228592D4a,0,0,V0,0%,true
0x6b1e95baac106cff8b962e5b4e2cb47f39bc3d04,0x2C004D559Bdd3A82a61DBcA49Ccb286228592D4a,0,0,V0,0%,true
0x89bed88f598388d9b931cc5cca468ff2e99fa986,0x2C004D559Bdd3A82a61DBcA49Ccb286228592D4a,0,0,V0,0%,true
0x2606be5a555aa03e6255e145863ca50f31dc1af6,0x2C004D559Bdd3A82a61DBcA49Ccb286228592D4a,0,0,V0,0%,true
0x07b18cbccd26474f626b13470afa044bfbcb8f7e,0x2C004D559Bdd3A82a61DBcA49Ccb286228592D4a,0,0,V0,0%,true
0xc13253e908c30b7ff113824c4551029dc98cd3d9,0x051497C52c7eBf039DE013d57631c779C453cB48,0,0,V0,0%,true
0x8b3be9a062a828b529c9358868e452ac157d56c4,0x051497C52c7eBf039DE013d57631c779C453cB48,0,0,V0,0%,true
0x6f37d2eca2cbcef0f9781c8261df45392c71c266,0x033350057B58e1204BE2B51CA4581b1bdFb51F6e,0,0,V0,0%,false
0xffc0a993d43af565b41093924d5b5f73a8babbc3,0xF87F508A11Eda9DF5220a1F1a88bf628127B2d0e,0,0,V0,0%,true
0x4f997d506679455dabd6e0d14400d8ce20191edf,0xF87F508A11Eda9DF5220a1F1a88bf628127B2d0e,0,0,V0,0%,true
0x3117835a80e73e7125a10a6a63ef39788075c020,0x26C4eb4Da8AFAf32e7C3B29EcB5931C785095E8e,0,0,V0,0%,true
0xb45f5b3983e26480ba808b595df61124ebd40692,0x0371e1a37263706dDC3813d388Dc801e0EB2B422,0,0,V0,0%,true
0x6656d0652623966d6b40d4d2366c2b8c7029de42,0x26C4eb4Da8AFAf32e7C3B29EcB5931C785095E8e,0,0,V0,0%,true
0xaa5cd84b5910de0df6ad15fa4d2702753cd7a9d0,0x524D7F42FE0f38FCbb4c4aFb6613644CD3928864,0,0,V0,0%,true
0x813518ef7b0f1e9835bbd42ae8ffc1fd369b41ac,0x524D7F42FE0f38FCbb4c4aFb6613644CD3928864,0,0,V0,0%,true
0xe4fd6d0020b934c620b0026b6310fac8eee4e803,0x480C436a0a1028A22ea44562b0d89477cf30641d,0,0,V0,0%,true
0xd87f35e3a59928656160f07520d738010395e9fa,0xE37Bf47647edd03b9369Cd93830A96ADf4f73C3B,0,0,V0,0%,true
0xaf3aa2cf60c3039cd982a0950228713ce6f003a1,0x56413adffBd74d37503988a68fd543006c65b8f7,0,0,V0,0%,true
0x44c009be050631428a8a3ae512ccddd2414e08c7,0xc837A2564C66d6137aF753a257a36a409A716866,0,0,V0,0%,true
0x99ea5bc7199bc412c896a477adba69f9e3ba4968,0xc837A2564C66d6137aF753a257a36a409A716866,0,0,V0,0%,true
0x5a08ec7a96d759e33cf8c9975d0259a6b0233b70,0xc837A2564C66d6137aF753a257a36a409A716866,0,0,V0,0%,true
0x593f3881663d23c9a71e6fb0039ada1c744ad8c8,0xc837A2564C66d6137aF753a257a36a409A716866,0,0,V0,0%,true
0x46b93e90be7f74f7e5dfe32d77976cdd85a95ec3,0xc837A2564C66d6137aF753a257a36a409A716866,0,0,V0,0%,true
0x1cdc8830432884f8a10add97b7a78ec6e0ce5d59,0xc837A2564C66d6137aF753a257a36a409A716866,0,0,V0,0%,true
0xcc891110984913abada6527add0ce13095d668a8,0xc837A2564C66d6137aF753a257a36a409A716866,0,0,V0,0%,true
0x1998b6cc8bbd4e27738ffa7067122c7dbe586b99,0xc837A2564C66d6137aF753a257a36a409A716866,0,0,V0,0%,true
0x9f3688d3c5a12ada3475d2bcc8bf1309293bafe9,0xc837A2564C66d6137aF753a257a36a409A716866,0,0,V0,0%,true
0x1337702ca1c2ad4cfd416ef1598152fb489b6a6e,0xeeF4CffAA8639Ca7E5355Ebd32aD28D5b7f884F2,0,0,V0,0%,false
0xae77e0cec59ca958b64f56c285c836d48e8f75a8,0xE038EB3C04b59B8C5340E56dEf24099E78903EEb,0,0,V0,0%,true
0x118013a36f4c7ce13d5588efc69981a0241d28ec,0xE038EB3C04b59B8C5340E56dEf24099E78903EEb,0,0,V0,0%,true
0x3bee3980d6e1b94c6a7948652398427193e48273,0xc3500a735FcF12388c5A19fc0F3cC98cc0e8791f,0,0,V0,0%,false
0x56c9e589d44cb25e35da1aa36254e48e9f0f376e,0xc837A2564C66d6137aF753a257a36a409A716866,0,0,V0,0%,true
0x124568604c3b683dddf65671c53f20423fa47dda,0x033350057B58e1204BE2B51CA4581b1bdFb51F6e,0,0,V0,0%,false
0x495f9bf5e72a2a623e37a4c32624a15ae879b616,0xeeF4CffAA8639Ca7E5355Ebd32aD28D5b7f884F2,0,0,V0,0%,false
0x24c3bdb9a68c6ef2b82aa881df298430cfcc422f,0xe0B778B92FDe9D16C1923575F36f00a48B8729fA,0,0,V0,0%,true
0x9b635f7e7b1c4bc3a6e9ea39d67026f0111e4e78,0xe0B778B92FDe9D16C1923575F36f00a48B8729fA,0,0,V0,0%,true
0x170cbc1fbf2687a80a7079d13dc9e09ec17d4651,0x6d507377836AF36A06eB8f7bb4E3ee08899DEcd7,0,0,V0,0%,true
0x32e42a5eda1bd8a93d970d8e49b46570cc1773f9,0x1Ee9FBe59498F08aAF4E4B285cF5b8DB25f52722,0,0,V0,0%,true
0xdb3e707543288dea256aa6b84b190238c7014376,0xC761e4e6dBbb84D0cA956E0C5ffeb037FffeD46C,0,0,V0,0%,true
0xf70eba7a5069d85b283a6261ec640975bf56d6f1,0xc24dF06f9Fd0360B8974106d9EF1F9aED7075534,0,0,V0,0%,true
0x8b1b16d2f6a69720005f7d6b31b50f13c47322ae,0x3FCCB9dE0fEd6570577038949F07B00F17753f9e,0,0,V0,0%,true
0x2c3e1100e5eaf7f9a619d1611eea402819d90ddb,0x3FCCB9dE0fEd6570577038949F07B00F17753f9e,0,0,V0,0%,true
0x6321b2da3a466fcf794f008a3ccf7d059a47b858,0xC6C11c788B3bCd7b34024e61e073B7D897205Ca0,0,0,V0,0%,true
0xf2d286a253be1e1d7108f8222729c3e71377b4aa,0xc24dF06f9Fd0360B8974106d9EF1F9aED7075534,0,0,V0,0%,true
0xc4170aed58b92446ac3917fdd8b28447f8adfa9d,0xC6C11c788B3bCd7b34024e61e073B7D897205Ca0,0,0,V0,0%,true
0x9018fb4145c58302a4204644c1cf507caf32d837,0x5ebA8546a95717609815b35ee1E6ee6F641a1eB5,0,0,V0,0%,true
0x95e93e6dcd29651668b6ea0eddf88212617a2abc,0xb9e6Ca71C3E17f910DebD5cd28D42bF81417350e,0,0,V0,0%,true
0xc3e8008553c8f2297ef58551f4dce5fef86b2889,0x5ebA8546a95717609815b35ee1E6ee6F641a1eB5,0,0,V0,0%,true
0x89fe943e6d07c40f42a15060d2dd1b9da298af8e,0xE58e95B4Be4aF2355FeF66Cea73AA36F595F0473,0,0,V0,0%,true
0x474db41fd8676f3add65d8bb3f0dea117ff25603,0xE58e95B4Be4aF2355FeF66Cea73AA36F595F0473,0,0,V0,0%,true
0xe7aab4469de5b64b181c01e7383ca9ae2932985e,0xE58e95B4Be4aF2355FeF66Cea73AA36F595F0473,0,0,V0,0%,true
0x6aef18cd966011e6896010569612556c8af8b19b,0xE58e95B4Be4aF2355FeF66Cea73AA36F595F0473,0,0,V0,0%,true
0x7cf15790cfffc5c68ef1d81bc67da9d4a7afcf42,0xE58e95B4Be4aF2355FeF66Cea73AA36F595F0473,0,0,V0,0%,true
0x3c6ca53a53310533d62b548a6584d662602a9734,0xE58e95B4Be4aF2355FeF66Cea73AA36F595F0473,0,0,V0,0%,true
0x041334b54962629ea9e5c734e47023ba3d631888,0xD19fE0623e4810a283a3475b91fC7450D6A96286,0,0,V0,0%,true
0x8995d09f38b1739428be6708217a4c4aa77d7db1,0xE58e95B4Be4aF2355FeF66Cea73AA36F595F0473,0,0,V0,0%,false
0x49786e4f039ef443e450772230021076cc5fc059,0xf5283F2AFd71bC976fFb7B198D1367758fE4703c,0,0,V0,0%,true
0xc57363b120de795da99d60c5a73a210c7f7903cf,0xa27B196326914Eb7227a66343a0409545bEeb6c7,0,0,V0,0%,true
0xb6464759917800d3a0aab641d99383e46e5f0437,0xf5283F2AFd71bC976fFb7B198D1367758fE4703c,0,0,V0,0%,true
0xbc86f04061be813359e5aead156668d0901a71af,0xa27B196326914Eb7227a66343a0409545bEeb6c7,0,0,V0,0%,true
0xedfbd18cbed1ce6a077a989f8f9664309aa1be78,0x4072Fb2F4d536CED9d1a2ee1A930E2d2D95889b1,0,0,V0,0%,true
0xe8481e87902b98934140f7c3ef3ae25b479f4341,0x41Fd71505aec91B6A85e340Ff6e40d97652F4421,0,0,V0,0%,true
0xd66a6935686fd38f0bb0883b72756ba55a7c0574,0x41Fd71505aec91B6A85e340Ff6e40d97652F4421,0,0,V0,0%,true
0x11e5e79e00dacd40f48e842541a792ffeb5601e2,0xf86444B8EC7743E51681DE14A3586Fb78e671225,0,0,V0,0%,true
0x7753eba521d2a8f42ad22e0af10025cd27ab303d,0x0BcD058048f6711D91C951b68Ca5D2627A5E9e22,0,0,V0,0%,true
0x1a567c7784d4e2cbd1b0f0213253953eb3d96236,0x56f7b2B027a076da85f7695eA884B06908697D50,0,0,V0,0%,true
0xca96f4646b39d21f4349ff8b1939ac20e48dd74e,0x56f7b2B027a076da85f7695eA884B06908697D50,0,0,V0,0%,true
0x5bf2742393f9faa6927a50638c50d930dc2315eb,0xE58e95B4Be4aF2355FeF66Cea73AA36F595F0473,0,0,V0,0%,true
0x1715159944096449c48bc1e483c0a960796de2d6,0xE58e95B4Be4aF2355FeF66Cea73AA36F595F0473,0,0,V0,0%,true
0xa552a940a4eeb4a96f21a7444216049d75e3670a,0xE58e95B4Be4aF2355FeF66Cea73AA36F595F0473,0,0,V0,0%,true
0xc63c05918dd2b91c3bfc1f1f5cdf7bd4c7cf51c4,0xE58e95B4Be4aF2355FeF66Cea73AA36F595F0473,0,0,V0,0%,true
0xa1f0e536200fd65087fe6dd220d79110a83b5cd4,0xE58e95B4Be4aF2355FeF66Cea73AA36F595F0473,0,0,V0,0%,true
0xbcd676d7e29b2782339749f9cb35b0355e024169,0xE58e95B4Be4aF2355FeF66Cea73AA36F595F0473,0,0,V0,0%,true
0x95671965522d06cdbd125fcac062c0aa0fe97e1e,0xE58e95B4Be4aF2355FeF66Cea73AA36F595F0473,0,0,V0,0%,true
0xcd991abf2d5455a1446d758177228b699362caf6,0xE58e95B4Be4aF2355FeF66Cea73AA36F595F0473,0,0,V0,0%,true
0x89bf6a7d731b5cd1e3770f50d3e6a1c36944ba0f,0xE58e95B4Be4aF2355FeF66Cea73AA36F595F0473,0,0,V0,0%,true
0x0f1752dd7b400d497b8eb22a5e2884f3cd9a52e2,0xE58e95B4Be4aF2355FeF66Cea73AA36F595F0473,0,0,V0,0%,true
0xc323432ef2dabba8c8f97560f05804f214885ad6,0xE58e95B4Be4aF2355FeF66Cea73AA36F595F0473,0,0,V0,0%,true
0x798f6ab754f29f389b2afb9f63f897b15afe4e86,0xE58e95B4Be4aF2355FeF66Cea73AA36F595F0473,0,0,V0,0%,true
0x38ef91c2c755993d9ce1ecfce55959ecdd535576,0xE58e95B4Be4aF2355FeF66Cea73AA36F595F0473,0,0,V0,0%,true
0x99ef58541374693979948abf2a26174efd3ad19c,0xE58e95B4Be4aF2355FeF66Cea73AA36F595F0473,0,0,V0,0%,true
0xf2a404da79a1e063d76c906e769481ce989b90ab,0xc46981db6105d6659F4C2B98C6347c8cd28062fC,0,0,V0,0%,true
0x23506910b21c3ee727cd3e9340e0c1ef2738c215,0x52a06E7Fc6a1234A776fE9844E5dAae74f599F7c,0,0,V0,0%,false
0x987a603dcb58fc13689d9ea67d2b0a487863e59f,0x141cd850C0BA483a353c5DCC0B7CFc287c532f3A,0,0,V0,0%,false
0xc5bea454a0cedcc9f40bc560518185a943ef2617,0x9770F9a075B89a8b2bf47D926D7A34610424D3d8,0,0,V0,0%,true
0x30892b6f5799bdb299f76aa4973793530d88eedb,0x9770F9a075B89a8b2bf47D926D7A34610424D3d8,0,0,V0,0%,true
0x4b72e0ca3a602d206f44428653ec5a303af88446,0x14e61D12a61849836f90f391DC0E021F6406C101,0,0,V0,0%,true
0x31963699feb1100b5ff4f1cf7f30d87aa28ccc01,0x14e61D12a61849836f90f391DC0E021F6406C101,0,0,V0,0%,true
0x7c777e861952e934905544f77d345daf46d31353,0xea64c9fD4AC091a033d1D37fBea58c552C091def,0,0,V0,0%,true
0xee988e8bac28da03115cdab1d8a011a5283761e3,0x2b5d8fb85156c395fC6CD97dA68d33e164B4Db19,0,0,V0,0%,true
0x17a66c0d4e8433f1420323b5e27843bbdf96ce11,0x2b5d8fb85156c395fC6CD97dA68d33e164B4Db19,0,0,V0,0%,true
0x2ce4aa8177e242cd51db14d8422da9ebd0cdc2bc,0xFF7Fb942E9E9cB00468A58B89CADc410BeD61a93,0,0,V0,0%,true
0xc3060a1ca7778012f859176ce6c3ae66c090dbff,0xFF7Fb942E9E9cB00468A58B89CADc410BeD61a93,0,0,V0,0%,true
0x50aea9f059871664c9fe40e3067bf1cdc2b03a7c,0x07B82e614E7837f041F633aEd388D25a6f82d7a8,0,0,V0,0%,true
0xbf73a50b788cf62cc8800822b527bcbc27f0682f,0x07B82e614E7837f041F633aEd388D25a6f82d7a8,0,0,V0,0%,true
0x7aa68892f013d981dffac7ae403faa886938552b,0x3E436e9ef8A44cb65b00FcEFe4Ac1952384Ed21e,6,0,V0,0%,true
0xea9c80958ece17754721b9ae3a76b67c0504751b,0x42E0B14aDC2Eec940F337b1b747542222608cCD4,0,0,V0,0%,true
0x27d7b77108837207781d244266860bfc47f95850,0x42E0B14aDC2Eec940F337b1b747542222608cCD4,0,0,V0,0%,true
0x8b786ed88026bbc3b064ae7393c72d5e134c1322,0x48c5aa01959025CDCE2Eb742196dc210aB4578fD,0,0,V0,0%,true
0x31b1af9aa34e58fa0e5d745d433a7b2154246919,0x687544867E29166bA00845f3a1C546a02b9EAC7e,0,0,V0,0%,true
0x92bff95226cd8d456b18cd1bbd72e533aba7e738,0x9a6ebb123af63c8E8c41dCF7d42F4f85AB1d9A2F,0,0,V0,0%,true
0xe084bfe53dad4e2719af2b5d383bfa58ce693e87,0x48c5aa01959025CDCE2Eb742196dc210aB4578fD,0,0,V0,0%,true
0xd50a893ba947830e394f86dcd9499c6de02140b3,0x4B849A5f11e23aD7d0665168157C27788d695366,0,0,V0,0%,true
0x5a495c915ef285d8c097db3a4317bbcc13f6be12,0x68cbFCf6c722Cd41AdaBC472Fe37912bfF77d6F1,0,0,V0,0%,true
0x7fc3f35a993ee24d1c5118564f4144a547fe6f12,0x68cbFCf6c722Cd41AdaBC472Fe37912bfF77d6F1,0,0,V0,0%,true
0x54f43787b392b1a68042e2b94dadc5b5337d2b71,0x3D9d46d4b49E07e0f6073039e2DE1bDac85557e5,0,0,V0,0%,true
0xde915e66e019b72e08502e9c102c6ff5b5827b50,0x495a868cDc4e57E1bc17b4A712F02B2BAE3F223f,0,0,V0,0%,true
0x1380e845631cf55a3b6951562be04fabc5054025,0x44664758E086caBb4ec88e054E2Ad0a95b71762d,0,0,V0,0%,true
0xf375c900bd16a7c9780573454fb7cf0d68a8c716,0xE9A1b61878B59BF36Bac0C539C0cf283dB8E1E6C,0,0,V0,0%,true
0xf1b3b1d999774ab9ae4571e063ef602d83f5b1fc,0xE9A1b61878B59BF36Bac0C539C0cf283dB8E1E6C,0,0,V0,0%,true
0x8b2fde0caaf6ca59e0fcee01be92ead8b4d22d5e,0xB085492bCE2e7FCf77d888B16B2669B778dA416b,0,0,V0,0%,true
0xddfe906d5e267177207169a72381a7f5be73dab3,0xB085492bCE2e7FCf77d888B16B2669B778dA416b,0,0,V0,0%,true
0xdecb9368aaf81ae9f356fd871e7bf1c4e1fdcc43,0xA788172d414995C02C5d94d95c2Cf86ef8Cb9a47,0,0,V0,0%,true
0x7ef516cc3569418923fbfdbf8d30c50c0dac1a2f,0xA788172d414995C02C5d94d95c2Cf86ef8Cb9a47,0,0,V0,0%,true
0x2e4e45a33edae1f0bee25b8f8b9bb6c869e01d2f,0x21fD8E6f405E4290802B7b2D7a84352e37f197b8,0,0,V0,0%,true
0x317cc40a05c85650d257c8b9e1abcdecc9a94e9d,0x21fD8E6f405E4290802B7b2D7a84352e37f197b8,0,0,V0,0%,true
0x4d2eb5401dcccf343e234cb190bdd52056256aa4,0x21fD8E6f405E4290802B7b2D7a84352e37f197b8,0,0,V0,0%,true
0x91f79f33d8dc7c0cc88286fa1731c21e00b22419,0x21fD8E6f405E4290802B7b2D7a84352e37f197b8,0,0,V0,0%,true
0x6fed9f5237987ed40842c9a2b95efb041a14a32c,0xC6acD32C7b72e4264830879Eb9bE5EdDD303D444,0,0,V0,0%,false
0x9ac726f1f9e3f0283b67d9c80cfcefaf2dc105e6,0xea64c9fD4AC091a033d1D37fBea58c552C091def,0,0,V0,0%,true
0x9e737b32bd8aeb28dede37a34aa435c0c7ec7d56,0x0BcD058048f6711D91C951b68Ca5D2627A5E9e22,0,0,V0,0%,true
0xc7ac9f56a7d07ee36354abb66062f4478d5a8d66,0xdE74C4b54D6935caBCd99b403E9596Bc3550eb8f,0,0,V0,0%,true
0xbacfa51bfbeaa771d2190657e2e8487344ba5055,0xdc564fAFEDc96b530C38932Ec56e1D47FC8adD65,0,0,V0,0%,false
0x545fca2a142a3c6032b01be30733f8cfc0e5c185,0xC761e4e6dBbb84D0cA956E0C5ffeb037FffeD46C,0,0,V0,0%,true
0x5692f727e96229dc700b33b10000bc64cbd28393,0x44664758E086caBb4ec88e054E2Ad0a95b71762d,0,0,V0,0%,true
0x250d3a5a5c22d22ad8596e70a1d2332a9872c06d,0xFC29c16f239C773fB2fD55383bb1b7C50ec4eFCE,0,0,V0,0%,true
0x9bdae78ad8cdcadeda5372e74a8ce28b02fda06b,0xcA24ed3fE79049052c6A2FfbAd804A8ce899eca5,0,0,V0,0%,false
0xb68f8613eff4c8a140a4edd9fc8f6ff44c5fc9a9,0xdc564fAFEDc96b530C38932Ec56e1D47FC8adD65,0,0,V0,0%,true
0x2ffc599df505976376d21bb2e4d95483303af748,0xdc564fAFEDc96b530C38932Ec56e1D47FC8adD65,0,0,V0,0%,true
0xf9220900f6acb65ba705092712210fb6050cd7cc,0x25ea80609595Aa0eb1CD156e0bD059FCB2C29359,0,0,V0,0%,true
0x3bb7921c5db78020d70b9a32e17ad33a48c729c2,0xF976B269213569d3Ef64E1d2B023fBa5A0C32Cbb,0,0,V0,0%,true
0xcad2716b5f4670bd32dda7035d1263d790269415,0xE3B5EF7F753371eDFfb91b804181b26b86397BEd,0,0,V0,0%,true
0x97320c1a85c38b448caf637bb0317cf81827c589,0x4cdd91C158d9CE405190D322C3b6213b09f803f7,0,0,V0,0%,true
0xfd853a68fba3a41a2e40dd4b3ca826a541e380f9,0xA0d8233e74fEE3E27836763888bC6B3b57b83Ae9,0,0,V0,0%,true
0x4640479a0b3f2f3b331606556db5594e7b5c178b,0xA0d8233e74fEE3E27836763888bC6B3b57b83Ae9,0,0,V0,0%,true
0x0c971ee14035cb713b58467acf8e47e61861c9dd,0x6172e49bDDD1a3d01beEFda495Ba30f296eac088,0,0,V0,0%,true
0x049587567ab411309eb796345eeb0d2e0f12b407,0x6172e49bDDD1a3d01beEFda495Ba30f296eac088,0,0,V0,0%,true
0x0f68d0cd197a06df5c740d79aa7cb0d61dba833f,0x2735181eE425B34F751dcBc52DBE036052a72fC8,0,0,V0,0%,true
0x9d801c6beb4c258ef088077901c82fc2b6f4f3d2,0x751e41eE3Fd849Fa76B544f6314D0a1972bb243c,0,0,V0,0%,false
0xd59afcb427b19227c8514305b499399548e7d9a8,0xEa58EFb93a50dB38e491B51fC624aE6c7b9139ae,0,0,V0,0%,true
0x9350f0978f06200fd48c413e2579c87e04abc581,0x9D8A509Ce41b6bc9831eEFFE9674A4AEb66DBce6,0,0,V0,0%,true
0x474a1eca10e2f0a1dc949736d4e0e522a5d53a24,0x9D8A509Ce41b6bc9831eEFFE9674A4AEb66DBce6,0,0,V0,0%,true
0xfc73614ed73c6d28f62569cab5dc949a05d94745,0x53A1C3AD7244aEf0136d21ac4381c2769beE8A5C,0,0,V0,0%,true
0x5fe1176faea7c7d0a8671f0793b70f3b286ecdfe,0xAbC3FC596893107038A380Df4d66170455e1D3A6,0,0,V0,0%,true
0xdb6054ce811b442c1e318eeba5bafaa7b2e5a855,0x687544867E29166bA00845f3a1C546a02b9EAC7e,0,0,V0,0%,true
0x7bec2e4ee3ad1014bcedb870401d9ef95646655f,0xf9934902A91c0Fb9b51D77207407644307057273,0,0,V0,0%,true
0xa92e1000ffdd6e394016c21c7e8208edf021f9ba,0xf9934902A91c0Fb9b51D77207407644307057273,0,0,V0,0%,true
0x92a4635285f705410fcf130e6aa896f059ec2ccf,0xf9934902A91c0Fb9b51D77207407644307057273,0,0,V0,0%,true
0xa88b1bdaaf3ee3c5b935d7392d9928556902e7c0,0xEE467D6FF96059E3B84E2dd2faF69646211C94d5,0,0,V0,0%,true
0xa8d3de09a075dc20a03ec75d44dd0af3fbd6797f,0x85076355E710017f70b0032e9Db6754eA064F77C,0,0,V0,0%,true
0x9eea39bdebf0e968b3bb3283ecf194e0ed633fc9,0x4a8F968Ac20FBfD9ab245A66252eE32933bc5A66,0,0,V0,0%,true
0x3e851e9d513ce9461c08d6f50e5e9fce7dfbcecd,0x0F1868dA5C4Fe2Bf3a5fa56fFf51304aE3624d24,0,0,V0,0%,true
0xd314c5f2b45b0d8feab6ad31aeb9f1790c72ce46,0xC26731f7b6521B9ddF58B2Ef3F70658Dc28A5513,0,0,V0,0%,true
0x021f4e44286a64350819567253df63ac21d6c241,0xDcEf104d889f82A99A12d3288ee9472cd1bf97B1,0,0,V0,0%,true
0xe939bc8d368a7c61d0701c3ee72d08badf463665,0xDcEf104d889f82A99A12d3288ee9472cd1bf97B1,0,0,V0,0%,true
0xf3fcdf34a273b891c0d4a189cc64e71c88f1b7a1,0xC26731f7b6521B9ddF58B2Ef3F70658Dc28A5513,0,0,V0,0%,true
0x349d1787ef9ab591e7440f1eda82e00091379d37,0xbDa8f2420AF9d55A9a4cC98666808b449e08C6B9,0,0,V0,0%,true
0x0ddfeaee74ed09ee675fde4bcb312caefddb69f8,0x20A18B1423C61B49138064340b180E6E9993488A,0,0,V0,0%,true
0x56a988fc04677c076d6b0417368139ae17d28deb,0x20A18B1423C61B49138064340b180E6E9993488A,0,0,V0,0%,true
0xe217dc20a85d9bc105d0febe594aa6fb101dc7bc,0xc7c9693F26B10B5b93Ccac2469EB3Ae7b4638daC,0,0,V0,0%,true
0x140530ea179660d5321c1b675d101bfc4ae6caac,0x31470c0A29F26634CDdC5947539bA4912836856C,0,0,V0,0%,true
0x0c30d01b8f4fa372add0f8fe248d5ee7061d3f4e,0x72cCdF7811c424B80E1E9A196019C4cf07B9B95f,0,0,V0,0%,false
0xa21f75e71692c85b9787059e4a06f6818f32bd53,0x6515e1F244Eb974beB91358827a4c524B056De80,0,0,V0,0%,true
0x16e0577d3f15a16bd1eb1b74b3682eac011a0fa9,0xee740c8f5B52455cfE81e50bc487a7cEf7650A9a,0,0,V0,0%,true
0x469a805f17ffd434fac6959e5fbc154bdf856059,0xA7E07B87A121B07237C91377B6617a5C326Fb60c,0,0,V0,0%,true
0xb374cae24390012bb10270a1a7a24f2e45eb5f5e,0xc29c41fce51F19eF51e86cfeC209789073E16512,0,0,V0,0%,false
0xe4e14cd376c5a66b0f4bc781606c6fd6dcd9429e,0x83E4B681E8b00FDa3E33AA0a69Fb18749D407a9f,0,0,V0,0%,false
0x48f1b021851df3b2b153c992d1bf4559db2d1932,0x90070eB60A6e7dcbE9EA282e0A5C97b3bB1eBF7B,0,0,V0,0%,false
0xe4856b0795ca61a2dbd02b75bd7b4174f2a5b294,0x53A1C3AD7244aEf0136d21ac4381c2769beE8A5C,0,0,V0,0%,true
0x93ed89ff5eab97c2d87ee9160416711dbe0a6063,0xF62acF7daEdF92edC17B56C9399F582BeE31539E,0,0,V0,0%,true
0x37bf8a2000ae55d5cc68f206ed2eea4886b80a13,0x44029bC1eE87EDC79CA1734597f709323e1f5d43,0,0,V0,0%,true
0xfabfcfa5b0ad3cafbfd0e892de4ee4d01e3c26b1,0x44029bC1eE87EDC79CA1734597f709323e1f5d43,0,0,V0,0%,true
0xba86f30c5a4bc5e0c7d79437c708fce238665a14,0xCDEF18E4945482b597c2037f867814A76964Dc29,0,0,V0,0%,true
0xfa93fab523361829738c285ae67f4df0b702546f,0xCDEF18E4945482b597c2037f867814A76964Dc29,0,0,V0,0%,true
0xddc4682198ed9a36f47811a7e0f28058907450cb,0x2a3A608719137Fb18C9a21482004ad0A26505F44,0,0,V0,0%,true
0x70f24eba2dfac661cb947d74612364183a2ba1bb,0x2a3A608719137Fb18C9a21482004ad0A26505F44,0,0,V0,0%,true
0x1cdb6f8c834fc00fbd29f78c32b3d29d4a4ed962,0x2a3A608719137Fb18C9a21482004ad0A26505F44,0,0,V0,0%,true
0x787f25f9e95cd872fafa0a384efef79f4020851d,0x2a3A608719137Fb18C9a21482004ad0A26505F44,0,0,V0,0%,true
0x1642208104dd12bb6b0aff9ea5dc5c50162f3aac,0x83E4B681E8b00FDa3E33AA0a69Fb18749D407a9f,0,0,V0,0%,false
0xfa67e1cd6a0d013453e6b8a2a6a8fa188efa8112,0x83E4B681E8b00FDa3E33AA0a69Fb18749D407a9f,0,0,V0,0%,false
0xa1eff8990614782b68f596b588c0fe90be9ded64,0xea55E18bcabEE923403B28C45067B48A4355AB37,0,0,V0,0%,true
0xff433c61487e7cc52642757bed0e71086d033a30,0xea55E18bcabEE923403B28C45067B48A4355AB37,0,0,V0,0%,true
0x417df99bdfcbd41e6ca14f400e5104b1361d4ca9,0x9862560085241e703a20EE1ef314A3dc8A2A443e,0,0,V0,0%,false
0x0493e4e36b21c92621634590294912a315c9c248,0x9862560085241e703a20EE1ef314A3dc8A2A443e,0,0,V0,0%,false
0x14a236d15e52376524d268bb882d12d953ee4748,0x9862560085241e703a20EE1ef314A3dc8A2A443e,0,0,V0,0%,false
0x9dd12bd0402ca903856b41e85d6ba1e9dfbfcbe9,0x9862560085241e703a20EE1ef314A3dc8A2A443e,0,0,V0,0%,false
0xa8fc0bc483960c84971a5057beaf96ca687b8bd8,0x9862560085241e703a20EE1ef314A3dc8A2A443e,0,0,V0,0%,false
0xbfdf93afcaa43ff5b53cf9181505a863bdc32690,0x9862560085241e703a20EE1ef314A3dc8A2A443e,0,0,V0,0%,false
0xb087e91b2d8415789f49ed530dd7545534a0348e,0x9862560085241e703a20EE1ef314A3dc8A2A443e,0,0,V0,0%,false
0xe415b3568e590e7f30a1d7ae95d50965db9a645e,0x9862560085241e703a20EE1ef314A3dc8A2A443e,0,0,V0,0%,false
0xa1b2f4eee99dd8da2c340dd7d5bdca56b8c63bab,0x44C31b947a2187489DDDD41606CB9D0575db9108,0,0,V0,0%,true
0xf5198de0672295fdb3279d53b44b0405807f89d4,0x056f617D93E7f8865dCb6e075aa7cb49B837927c,0,0,V0,0%,true
0x150cf44287ee2b0e8a608f08bc4792a01a7e9ed5,0x056f617D93E7f8865dCb6e075aa7cb49B837927c,0,0,V0,0%,true
0x938f04cd24eeb77035de89d5d530191738012e78,0x056f617D93E7f8865dCb6e075aa7cb49B837927c,0,0,V0,0%,true
0x9dbe997db5488d151218c6e023863f580e5a062e,0x64BB0Fe34f789d1d425e09087184dEad5a767381,0,0,V0,0%,true
0xb295ff4133e083a115b93d5bc9dbc6f0c77206d5,0x64BB0Fe34f789d1d425e09087184dEad5a767381,0,0,V0,0%,true
0x67a42c80cafe302a592106d55799ad6a43f68a2b,0x44C31b947a2187489DDDD41606CB9D0575db9108,0,0,V0,0%,true
0xeda468c6d5adf489e8cbd69983cda3f51a1de8af,0x08fe52D30797b4c4fc6DD50345Cb24AEB9646bcc,0,0,V0,0%,true
0xfc69abd2871d928f1334c4b3e7eae9742b54cd78,0x9a6ebb123af63c8E8c41dCF7d42F4f85AB1d9A2F,0,0,V0,0%,true
0x081358330ff82a64c54a62783c030d868ad9e381,0x08fe52D30797b4c4fc6DD50345Cb24AEB9646bcc,0,0,V0,0%,true
0xbaf568d330d8aa9548986e205eb6e9635ea42269,0x47f88ddbc799baDD3c228E9F200711d8fb77fcB4,0,0,V0,0%,true
0x7e068ef3a9d8fb2c3bcf00e8f9b360b60d4acb6f,0x47f88ddbc799baDD3c228E9F200711d8fb77fcB4,0,0,V0,0%,true
0x436a853f1c25571ecfcaac54ca6f8e919a162f75,0xD19fE0623e4810a283a3475b91fC7450D6A96286,0,0,V0,0%,true
0xd49c1fee60629313992d5afab54b17a6eea709e4,0xE79DA8dF8f785164af78a9E8B47aED8FE85b511e,0,0,V0,0%,true
0xf12166ef08d6e2f10b53d5668b1c959a7c5df9e4,0xC761e4e6dBbb84D0cA956E0C5ffeb037FffeD46C,0,0,V0,0%,true
0xa76a954bec9aae5e6a81439b44336cfb224cb98a,0xC761e4e6dBbb84D0cA956E0C5ffeb037FffeD46C,0,0,V0,0%,true
0x5f83ed65414c53ec106c4055ed56771cc92664c1,0xC761e4e6dBbb84D0cA956E0C5ffeb037FffeD46C,0,0,V0,0%,true
0xdd9d5c1e34d2f8685c7f7da8fa2a91a34b2f0183,0x751e41eE3Fd849Fa76B544f6314D0a1972bb243c,0,0,V0,0%,true
0x11917397d81b17ab787b012a53cf9d30ed29c115,0x20A18B1423C61B49138064340b180E6E9993488A,0,0,V0,0%,true
0x169fd9a3a5c789ea6cf4d594a88c76180aed8df6,0xC761e4e6dBbb84D0cA956E0C5ffeb037FffeD46C,0,0,V0,0%,true
0x902237063c827a8874d879271f47ea24e686ca31,0xC761e4e6dBbb84D0cA956E0C5ffeb037FffeD46C,0,0,V0,0%,true
0x146544373daa6993ce723233f4371dbc1069f98b,0xC761e4e6dBbb84D0cA956E0C5ffeb037FffeD46C,0,0,V0,0%,true
0xa0d75b69840db34c0b3907f7a940b4d2cd5368c3,0x5A348Eab9d30b6053d51c4e5483D5AE6539d6BD4,0,0,V0,0%,true
0x08065ea5aeae4131bdb5d4c0be47b6ba639172f5,0x5A348Eab9d30b6053d51c4e5483D5AE6539d6BD4,0,0,V0,0%,true
0x51d51344b9e116eb639859dd8bcb82fb0ef1116d,0xC761e4e6dBbb84D0cA956E0C5ffeb037FffeD46C,0,0,V0,0%,true
0x2a8e07090c92142b3498ba04aec32bb6938a9d9d,0xC761e4e6dBbb84D0cA956E0C5ffeb037FffeD46C,0,0,V0,0%,true
0x98812feec53eb82fa1e80797c4bbd00634ada366,0xeeF4CffAA8639Ca7E5355Ebd32aD28D5b7f884F2,0,0,V0,0%,true
0x5fb62c610819f2591e0be3c2f746621fed602016,0xea64c9fD4AC091a033d1D37fBea58c552C091def,0,0,V0,0%,false
0xaa97ae038a4b70196ff88aab38cfd8d1a0e925c3,0x44C31b947a2187489DDDD41606CB9D0575db9108,0,0,V0,0%,true
0xd64082fecad3501324c2d9b6e315f6c13fa94827,0x44C31b947a2187489DDDD41606CB9D0575db9108,0,0,V0,0%,true
0x02416a5b52c256c2a5b36187483f7df2c986c89d,0xea64c9fD4AC091a033d1D37fBea58c552C091def,0,0,V0,0%,false
0xcb13a2cbd849d3b72e1236dcef431e72f98035af,0xf16362AF417DfE06Df69f76fBEbF271d5Fcf90c9,0,0,V0,0%,true
0xdcf52022cf3907a2c75de45d4176ebeed941e622,0x9b44D784e84A7D0a3ad79a30C1A2e64895568F89,0,0,V0,0%,true
0x1bfd036e468c6e09c0fbfe66d918c76c8b61f333,0x3Dc9C0B161651B8b90c216f9B7f64C9Ff2372B6A,0,0,V0,0%,false
0x8f24b62250a1526cee0562aeec95b3ed9bd723ba,0x9b44D784e84A7D0a3ad79a30C1A2e64895568F89,0,0,V0,0%,true
0xc76b80cc40dab6f1bea281036233d2a60e9d2208,0x9b44D784e84A7D0a3ad79a30C1A2e64895568F89,0,0,V0,0%,true
0x54723905923ca1e77ceb4b19b34dbedab4b762ad,0xC761e4e6dBbb84D0cA956E0C5ffeb037FffeD46C,0,0,V0,0%,true
0x32b87d24f89dadbd23670548ad155c4b24143838,0xF7419BB748D9759034794542c954B37C02918D28,0,0,V0,0%,false
0x488dbf6f513d022503d2703bb94e36ce9327b666,0xF7419BB748D9759034794542c954B37C02918D28,0,0,V0,0%,false
0xcef21a05ae18dcc440fc78e410c3090884ad5a6a,0x7d5F5bD22173078a685D3d00a01d4526eF10E9Fc,0,0,V0,0%,true
0x1f34ca8b4f03ea56b70606ca2c1e4e68a00b8b88,0x44C31b947a2187489DDDD41606CB9D0575db9108,0,0,V0,0%,true
0xcfcc392d788d5b4fd24b1f8ed867000da93e2a97,0x16534F0Dae6602c8E20d25000F9691C9b7A68462,0,0,V0,0%,false
0xc7700c8195a83a535cf2944d5a484b848cb79a0a,0xe16ba15091674A02C7Aceb1a8E7dfc3ad984E3DF,0,0,V0,0%,true
0x6dc90642ab601bddba482c6ba7afe4d558de19d2,0xe16ba15091674A02C7Aceb1a8E7dfc3ad984E3DF,0,0,V0,0%,true
0x4091929e478158dcb364fa6feef4c872e3ad044e,0x6BD09d7307BA795379a022E7253067C254ff317D,0,0,V0,0%,true
0x6f8a6eff8b70af4376e6eb6d7d8f52513b2b7b22,0x4544c0CF9d62D3bB441c04A5F31C1ba0E432d37e,0,0,V0,0%,false
0x16136f35a10f6d78145ab8f2f915e5b704c1e628,0xFC29c16f239C773fB2fD55383bb1b7C50ec4eFCE,0,0,V0,0%,true
0xe3ed40ad361b9f87fe1e8bd0ca1a2dfef0c109df,0x8c5201bE36a68af3639A283116699d548845a2DD,0,0,V0,0%,true
0xbedc6b2b1b434b3ebf30765136f671361b18d7d4,0x15eAc1C276e3D229579ED10B199016aD796A4c91,0,0,V0,0%,false
0xf50efc5e64dd4a21e76a06ebac6dc6904eaeba7c,0x293ba423b0a4bf19805aD25fb0425aA168753737,0,0,V0,0%,true
0x6648a2a1c4a61b6b14bdca0eb75b66f3d125a739,0x293ba423b0a4bf19805aD25fb0425aA168753737,0,0,V0,0%,true
0x3a058ae8678fbad246ed53db70b53b6c9672407a,0x8c5201bE36a68af3639A283116699d548845a2DD,0,0,V0,0%,true
0xcd545bad8d141200b1baedf2c40eeb3f8fe67447,0x65c43a00C2f5626A5f1CA9Fc690dD60E01E78Bf1,0,0,V0,0%,false
0xfb039bfd56e87bbba3ae277ae565b8a3a2645dc5,0x65c43a00C2f5626A5f1CA9Fc690dD60E01E78Bf1,0,0,V0,0%,false
0xcac569bfa5513ec1b011d915ff3805f719f67fbf,0xfc05448cD507aD65f0d9d3814A70ef3298b03E35,0,0,V0,0%,true
0x73f2a55f8777b91b85ef7b068d0ab81fe5399dde,0xfc05448cD507aD65f0d9d3814A70ef3298b03E35,0,0,V0,0%,true
0xf30828f1b30879501b244dfdf9b94a33d0daaf98,0xfc05448cD507aD65f0d9d3814A70ef3298b03E35,0,0,V0,0%,true
0xb829f0f24c408c88c541891b38000ac73b012c49,0x4F57DBe1E37FD13FEA697f5C6d71056637fB5530,0,0,V0,0%,true
0xb5fb11cf9f1979fb2905359ff86dbcaff78cda4c,0x4F57DBe1E37FD13FEA697f5C6d71056637fB5530,0,0,V0,0%,true
0x1a4ef795ccb8a54fbf46cb9b5102890438811641,0xe4C1552D05aaFb640Bf37f443c918B642d2931C9,0,0,V0,0%,true
0xe9ef2430e984131427ed7a15eec8578a405db78e,0x4F57DBe1E37FD13FEA697f5C6d71056637fB5530,0,0,V0,0%,true
0xe4aed2f08c3d4df27455d3e5899dd733be0af004,0xc29c41fce51F19eF51e86cfeC209789073E16512,0,0,V0,0%,true
0x9bf16c520fd32f8e994fab71226632c4435f6746,0x5dA67CF6ae090A37Fc970832a45B52134bc1Df0C,0,0,V0,0%,true
0x2bd95ffe3a30abb1cca150c468e3f8ecedfe090d,0x267691e4CB19277136863Ff41B0c7aD6cf8c44f4,0,0,V0,0%,true